scene_id,dataset,mean_score
e9df548a3ee566c7_1981_clip000,waymo,55.75398336
83d8b54e36003b1c_1459_clip000,waymo,81.83979353
83d8b54e36003b1c_1451_clip000,waymo,81.83866716
83d8b54e36003b1c_1452_clip000,waymo,81.23385672
b9e482dcb539d3c0_2165_clip000,waymo,73.98380604
50dc97736fe84d0c_127_clip000,waymo,69.56466926
85854001f041a3e7_1639_clip000,waymo,62.05478785
85854001f041a3e7_1640_clip000,waymo,70.21631221
85854001f041a3e7_1666_clip000,waymo,62.87601965
6096f098e044da4a_3833_clip000,waymo,58.72202321
6096f098e044da4a_3834_clip000,waymo,58.52589805
6096f098e044da4a_3832_clip000,waymo,56.13135377
ed113a1f9f720267_201_clip000,waymo,57.42219879
ed113a1f9f720267_207_clip000,waymo,56.57926903
2dfc9b44472687e5_3673_clip000,waymo,74.39603634
b6e95acbf4cfb49f_106_clip000,waymo,70.88616703
b6e95acbf4cfb49f_86_clip000,waymo,69.8953212
b6e95acbf4cfb49f_87_clip000,waymo,71.54995737
23e64af0cc14a40a_2145_clip000,waymo,71.41767795
23e64af0cc14a40a_2148_clip000,waymo,70.22494203
f73a9362b09347f6_65_clip000,waymo,63.57525255
16adef60bcaf35af_2492_clip000,waymo,70.41367145
16adef60bcaf35af_2519_clip000,waymo,73.9042837
16adef60bcaf35af_2494_clip000,waymo,71.37366279
100d033b60683a9f_3659_clip000,waymo,77.29856548
0015197d-b916-43b6-bcaa-8a7d90d7b87d_26944_clip000,argoverse,59.00413572
0015197d-b916-43b6-bcaa-8a7d90d7b87d_26953_clip000,argoverse,60.72502481
0015197d-b916-43b6-bcaa-8a7d90d7b87d_26955_clip000,argoverse,63.00177978
0015197d-b916-43b6-bcaa-8a7d90d7b87d_26957_clip000,argoverse,60.81554492
0015197d-b916-43b6-bcaa-8a7d90d7b87d_26966_clip000,argoverse,58.34540727
0015197d-b916-43b6-bcaa-8a7d90d7b87d_27022_clip000,argoverse,59.00413572
001749f1-bc1c-47fb-a13f-9ab1f2c050a8_7637_clip000,argoverse,72.9367534
001749f1-bc1c-47fb-a13f-9ab1f2c050a8_7719_clip000,argoverse,72.84254278
001749f1-bc1c-47fb-a13f-9ab1f2c050a8_7791_clip000,argoverse,74.29116596
001749f1-bc1c-47fb-a13f-9ab1f2c050a8_7834_clip000,argoverse,72.91726906
001d7c9e-4f80-4d1d-9ad9-5b6432c4fb36_7174_clip000,argoverse,61.89078955
001e7a56-f046-4f05-bd8f-ddf320079eae_128636_clip000,argoverse,77.08813556
001e7a56-f046-4f05-bd8f-ddf320079eae_128706_clip000,argoverse,77.21061346
00230ccd-4922-4f8c-b67f-ba70d0db22d3_80443_clip000,argoverse,69.18722889
00230ccd-4922-4f8c-b67f-ba70d0db22d3_80484_clip000,argoverse,68.93091273
002ba35d-be70-4ce4-b15a-01a28e0ae801_124980_clip000,argoverse,65.80964597
002ba35d-be70-4ce4-b15a-01a28e0ae801_124999_clip000,argoverse,69.73892528
002ba35d-be70-4ce4-b15a-01a28e0ae801_125007_clip000,argoverse,73.00835275
002ba35d-be70-4ce4-b15a-01a28e0ae801_125055_clip000,argoverse,69.8318574
003363ad-fa78-45f9-a8d7-716f4ea6d586_28550_clip000,argoverse,66.89785504
003a8853-461a-4fa4-9a04-be07aae9b70c_128459_clip000,argoverse,81.79339053
00404e6d-ff66-460e-8f22-bc61fc9f7f9d_93148_clip000,argoverse,65.5073458
00422cc5-b120-49db-982f-fc0c1e1eaf8d_29351_clip000,argoverse,67.04956754
00422cc5-b120-49db-982f-fc0c1e1eaf8d_29382_clip000,argoverse,66.86585646
00422cc5-b120-49db-982f-fc0c1e1eaf8d_29407_clip000,argoverse,66.28492875
00450480-0bcd-46b9-a48b-5337d8c9d0a3_283348_clip000,argoverse,64.2101321
00450480-0bcd-46b9-a48b-5337d8c9d0a3_283414_clip000,argoverse,64.2101321
005b26cb-7ddc-4e9e-b2d1-55c49f1c6e85_24862_clip000,argoverse,65.33888289
005b26cb-7ddc-4e9e-b2d1-55c49f1c6e85_24914_clip000,argoverse,60.42694456
005b26cb-7ddc-4e9e-b2d1-55c49f1c6e85_24944_clip000,argoverse,59.90513217
005b26cb-7ddc-4e9e-b2d1-55c49f1c6e85_24970_clip000,argoverse,60.56946218
005b26cb-7ddc-4e9e-b2d1-55c49f1c6e85_24974_clip000,argoverse,59.71683691
005b26cb-7ddc-4e9e-b2d1-55c49f1c6e85_25002_clip000,argoverse,60.09563331
005b26cb-7ddc-4e9e-b2d1-55c49f1c6e85_25023_clip000,argoverse,60.09563331
005b26cb-7ddc-4e9e-b2d1-55c49f1c6e85_25062_clip000,argoverse,65.18418522
005b26cb-7ddc-4e9e-b2d1-55c49f1c6e85_25079_clip000,argoverse,59.90513217
005b26cb-7ddc-4e9e-b2d1-55c49f1c6e85_25095_clip000,argoverse,65.18418522
005b26cb-7ddc-4e9e-b2d1-55c49f1c6e85_25113_clip000,argoverse,60.28913687
005f3e26-75cb-43a5-b61a-89343d490fdf_112169_clip000,argoverse,63.69376822
005f3e26-75cb-43a5-b61a-89343d490fdf_112184_clip000,argoverse,63.69376822
005f3e26-75cb-43a5-b61a-89343d490fdf_112192_clip000,argoverse,74.95852121
005f3e26-75cb-43a5-b61a-89343d490fdf_112225_clip000,argoverse,63.69376822
005f3e26-75cb-43a5-b61a-89343d490fdf_112240_clip000,argoverse,68.71315848
005f3e26-75cb-43a5-b61a-89343d490fdf_112350_clip000,argoverse,68.87197297
008415aa-6a7d-4c51-9b82-f29bc76f7f28_5638_clip000,argoverse,65.70144473
0085e780-a3b2-4432-a64f-56e7b3394432_175943_clip000,argoverse,64.30410167
009cf3d3-fd2c-4361-b926-eca40c138446_29409_clip000,argoverse,73.12685651
009cf3d3-fd2c-4361-b926-eca40c138446_29414_clip000,argoverse,74.55728602
009cf3d3-fd2c-4361-b926-eca40c138446_29465_clip000,argoverse,73.70465158
009cf3d3-fd2c-4361-b926-eca40c138446_29739_clip000,argoverse,73.12685651
scene-0061_bbd6c47a20e34276bc6f2cfbc6ba6205_clip000,nuscenes,66.1091193
scene-0061_3843d35144d84c02b387678f9bc7f2ed_clip000,nuscenes,57.80438506
scene-0061_03d01c950f044575b69137f069345db0_clip000,nuscenes,66.63830805
scene-0061_221dd725c6654412a04c71ced8ad6d03_clip000,nuscenes,59.27578825
scene-0061_b4db946778484c2195efa320571f53dc_clip000,nuscenes,66.36669628
scene-0061_e2f67391cb914b0cbdda3995dbc397f8_clip000,nuscenes,66.1091193
scene-0061_95fc384cb4994ffe9a5caf914274ab22_clip000,nuscenes,66.63830805
scene-0061_0e79e7bed1d543c9a00acfbf90ff60b3_clip000,nuscenes,61.08128065
scene-0061_1bc410ff237c4c48b9b7b094a9eaeb4d_clip000,nuscenes,66.81767983
scene-0061_71603dd1a2ba4e9daf095535e38310ac_clip000,nuscenes,66.63830805
scene-0061_eb3da8843f614a90a48ddb6ee392c0c0_clip000,nuscenes,66.63830805
scene-0061_070412f6a4f944e6a0a9e01ac1ea1fee_clip000,nuscenes,67.07889601
scene-0061_e59d97d4403a48b88fbb6a58fc9959e6_clip000,nuscenes,66.81767983
scene-0061_e1e148c7bcb14072822872a4cfc8e882_clip000,nuscenes,66.81767983
scene-0061_f81722a685cc49eba454efbb3aec0331_clip000,nuscenes,66.63830805
scene-0061_acc1b985c3b746cdbb22fc59bb41b774_clip000,nuscenes,66.81767983
scene-0061_73ee514c205c483da3d1d04282337457_clip000,nuscenes,66.81767983
scene-0061_9e6d680cd81942f5acdfbb07254f8f45_clip000,nuscenes,67.39728682
scene-0061_1e775890010e4d97b74ca1d06441d023_clip000,nuscenes,78.03292928
scene-0061_203a688b840844b8ae16a2b07967ffad_clip000,nuscenes,78.03292928
scene-0103_3b19bb63d0924f4da3034819357d6c8b_clip000,nuscenes,53.12647439
scene-0103_68a40df2846e4298af0417ea12721b5c_clip000,nuscenes,51.49487856
scene-0103_fa107c6dd0dc4d15b94b86cbf5b990c0_clip000,nuscenes,56.28000327
scene-0103_ead6a822f86c432481c0a9d2e4e4f827_clip000,nuscenes,53.12647439
scene-0103_99fbf1b9bf474215a4e8ad562bb7e9b2_clip000,nuscenes,58.64722092
scene-0103_6e71a9ceaf9a4974a1d07a2bd3544506_clip000,nuscenes,59.55710952
scene-0103_34aaf645a4174c6c8ff1874e6b33ccf6_clip000,nuscenes,57.51346307
scene-0103_b3412553d70f40b3a1d19a0eb8529a08_clip000,nuscenes,68.09495997
scene-0103_e147a4c07e06487592fb5d6135c27a78_clip000,nuscenes,63.83315969
scene-0103_996d9e039f7a4838ac48d5409ca89732_clip000,nuscenes,58.64722092
scene-0103_72137291381349428afb1038d4e5898c_clip000,nuscenes,58.64722092
scene-0103_c34cb46c7be6486a85ee49653850b174_clip000,nuscenes,59.55710952
scene-0103_5d77c275683248658e7564ef24bf63b2_clip000,nuscenes,59.55710952
scene-0103_3c7331d16ac6439e9bd5a57d75976446_clip000,nuscenes,69.59196319
scene-0103_0809d64df9264121bead0772ee9b5984_clip000,nuscenes,61.48964799
scene-0103_ad2ae385245f46d49b4d06f87e2ac544_clip000,nuscenes,59.55710952
scene-0103_09810748e6c04aacb393ebf14fafa5e8_clip000,nuscenes,70.80951256
scene-0103_4ce8f37952ad4203b1f5b23c728fb2e6_clip000,nuscenes,68.09495997
scene-0103_c1fe224b76cc49e294847788c443e470_clip000,nuscenes,68.09495997
scene-0103_608f6c85cd524242bc9d299c0a954f69_clip000,nuscenes,63.03494484
scene-0103_723af3d23fb445e3ab97669e85846445_clip000,nuscenes,61.00212797
scene-0553_19804c352c0a4767b61b8d0709d1db99_clip000,nuscenes,76.55167158
scene-0553_b61b72a5b5ad482e9bc94c203f75b8d4_clip000,nuscenes,76.43651835
scene-0553_21d4060224a946e5b66fd00749282e82_clip000,nuscenes,76.25726101
scene-0553_340ccb3c0dcb492eaa032f0e4e3017bb_clip000,nuscenes,76.50253618
scene-0553_afd097377c71479ea8349eeae83b8143_clip000,nuscenes,76.50253618
scene-0553_18cdcf0d2340409b95140ea38a70fd2e_clip000,nuscenes,76.33798247
scene-0553_2397a588f42e4195bf7fb0148aa7a3d6_clip000,nuscenes,76.78309535
scene-0655_433e28f80ae9462eb927089896b5f669_clip000,nuscenes,68.75574354
scene-0655_fe199544817e496aa7708a1db0af2108_clip000,nuscenes,68.75574354
scene-0655_99d539b687cb4a46b8f1efc7204aa160_clip000,nuscenes,67.66422184
scene-0757_4b086f653d5a47a79f73f1d4a4d956d8_clip000,nuscenes,80.34303067
scene-0757_3c16d6997c70488ab7e9dfd0fbec962e_clip000,nuscenes,80.34303067
scene-0796_a9ba2ffc5a95458c9bd1052be9bc24ad_clip000,nuscenes,60.91107254
scene-0916_4591a9f392774001a2cf523286505ac9_clip000,nuscenes,68.2474494
scene-0916_c8fcea5cd6d344e69a92241622f58be7_clip000,nuscenes,67.97909029
scene-0916_cb5fdffa966345cdb9c7c186143b7857_clip000,nuscenes,68.14627174
scene-0916_de7bc639112c40ec9ebe406673f1487d_clip000,nuscenes,68.14627174
scene-0916_c2c271c1bc484bce81639bfda2083588_clip000,nuscenes,67.49198713
scene-0916_af7483c35ffa4ad193d14bbac3b0ab4e_clip000,nuscenes,68.39519916
scene-0916_ebcd168fd25247f68482853796c9327f_clip000,nuscenes,68.14627174
scene-0916_9256b7cc27954e7bb5e3a3fb8c62474c_clip000,nuscenes,67.88809808
scene-0916_eeabbd601fff49c08c086829bfe13287_clip000,nuscenes,68.14627174
scene-0916_54ca0158a30a4d8291684544ddbeff3f_clip000,nuscenes,68.14627174
scene-0916_b825554384e042baba291f6f75c1ba49_clip000,nuscenes,68.2474494
scene-0916_b7ff9843f0bc4154a865230adb65a45d_clip000,nuscenes,67.97909029
scene-0916_4b8ef2beabcf4121af0f287cd1a7fd55_clip000,nuscenes,68.2474494
scene-0916_89eaf741be444d7e8fcc4748482d338d_clip000,nuscenes,67.88809808
scene-0916_e5a06b589b93428c867bd6a92ed6da93_clip000,nuscenes,67.97909029
scene-0916_68d411d0e8664a09b4c59787793b0b87_clip000,nuscenes,67.88809808
scene-0916_c6d85e602dd342d99758b41e64e86e12_clip000,nuscenes,68.2474494
scene-0916_c5a370e03491457485bfda760515e537_clip000,nuscenes,68.2474494
scene-1094_55f7fb5fa2854b0da825c2cd1c94b23b_clip000,nuscenes,58.27205247
scene-1094_47304f98d3d3484d8af8d5e4c7428022_clip000,nuscenes,54.61511883
scene-1094_3543efbc49b147c6a7151e945b999fe5_clip000,nuscenes,58.28876953
scene-1094_d61323aefb8640da9d5258fae57c2d1c_clip000,nuscenes,58.28876953
scene-1094_9777aa985269472595ff1ee88420008f_clip000,nuscenes,58.27205247
scene-1094_e6505be7823b40858d669c34afba37c4_clip000,nuscenes,54.04960924
scene-1094_9441225cd01f4730a02b5d8927063f53_clip000,nuscenes,49.35753836
scene-1094_dc534f142fbf42afbdd38a1afae9df7f_clip000,nuscenes,61.21439466
scene-1094_2c761ca3c6e745ab8b7553a3f3dc937e_clip000,nuscenes,56.8723412
scene-1094_155047a77309452a908e6c96ddd60b55_clip000,nuscenes,54.35189235
scene-1094_8e992e7479094a61a550b951c1451092_clip000,nuscenes,54.04960924
scene-1094_c530e58bfaaf4ba38bf0f66c11381d7b_clip000,nuscenes,54.04960924
scene-1094_029357560fcc41db9973bd656d63547d_clip000,nuscenes,47.84560233
scene-1094_19f0484e0ec84c0eb64c92698fe5e7e3_clip000,nuscenes,45.27226635
scene-1094_98e2b15c113a477a9f291b25194cab62_clip000,nuscenes,44.87260727
scene-1094_1ab7d92d3ed3455ea628c6962906d4e7_clip000,nuscenes,45.34150925
scene-1100_0b2ba0a3a3874e4a9863541a7a65ec00_clip000,nuscenes,76.85699939
scene-1100_47b04d517ed64f92ad6af4c11233de34_clip000,nuscenes,77.96609939
scene-1100_baa84e9048974b67a0c168a8bf946d3e_clip000,nuscenes,76.85699939
scene-1100_7a88efefda9f4fc3a30fa6a655978ada_clip000,nuscenes,78.13301021
scene-1100_7c7ea45167174debb191420c7fb99649_clip000,nuscenes,77.83820052
scene-1100_7b644b3fb6634f13bf30402c70770e3b_clip000,nuscenes,77.11532608
scene-1100_1c6ea643f2d04632ac5624e0072aa659_clip000,nuscenes,77.49653514
scene-1100_60e1ec6251134f9a8e2031b871a455d1_clip000,nuscenes,77.08405857
near_miss_0000,prism_ar_synthetic,44.32803948
near_miss_0001,prism_ar_synthetic,44.32953843
near_miss_0002,prism_ar_synthetic,45.44633228
near_miss_0003,prism_ar_synthetic,44.4169169
near_miss_0004,prism_ar_synthetic,45.31081058
near_miss_0005,prism_ar_synthetic,44.689281
near_miss_0006,prism_ar_synthetic,44.43242863
near_miss_0007,prism_ar_synthetic,44.59278352
near_miss_0008,prism_ar_synthetic,44.63713769
near_miss_0009,prism_ar_synthetic,44.26499951
near_miss_0010,prism_ar_synthetic,42.04820895
near_miss_0011,prism_ar_synthetic,41.90757407
near_miss_0012,prism_ar_synthetic,42.47153158
near_miss_0013,prism_ar_synthetic,42.88472891
near_miss_0014,prism_ar_synthetic,43.37725874
near_miss_0015,prism_ar_synthetic,42.44734262
near_miss_0016,prism_ar_synthetic,43.10460499
near_miss_0017,prism_ar_synthetic,42.77721883
near_miss_0018,prism_ar_synthetic,43.31655853
near_miss_0019,prism_ar_synthetic,42.89389786
near_miss_0020,prism_ar_synthetic,53.82750932
near_miss_0021,prism_ar_synthetic,53.54040873
near_miss_0022,prism_ar_synthetic,53.46938214
near_miss_0023,prism_ar_synthetic,54.20208754
near_miss_0024,prism_ar_synthetic,53.85022203
near_miss_0025,prism_ar_synthetic,54.59130597
near_miss_0026,prism_ar_synthetic,53.64466937
near_miss_0027,prism_ar_synthetic,53.92279123
near_miss_0028,prism_ar_synthetic,54.28022702
near_miss_0029,prism_ar_synthetic,54.79533392
near_miss_0030,prism_ar_synthetic,52.29827479
near_miss_0031,prism_ar_synthetic,52.54402306
near_miss_0032,prism_ar_synthetic,52.50889975
near_miss_0033,prism_ar_synthetic,52.71576008
near_miss_0034,prism_ar_synthetic,53.23860089
near_miss_0035,prism_ar_synthetic,52.69670219
near_miss_0036,prism_ar_synthetic,51.80257403
near_miss_0037,prism_ar_synthetic,52.98507503
near_miss_0038,prism_ar_synthetic,52.29762499
near_miss_0039,prism_ar_synthetic,51.91637859
near_miss_0040,prism_ar_synthetic,40.53638382
near_miss_0041,prism_ar_synthetic,40.52415422
near_miss_0042,prism_ar_synthetic,41.48974941
near_miss_0043,prism_ar_synthetic,40.48419875
near_miss_0044,prism_ar_synthetic,41.17302126
near_miss_0045,prism_ar_synthetic,40.88372
near_miss_0046,prism_ar_synthetic,40.36884239
near_miss_0047,prism_ar_synthetic,40.3720589
near_miss_0048,prism_ar_synthetic,40.15949932
near_miss_0049,prism_ar_synthetic,40.3379682
near_miss_0050,prism_ar_synthetic,47.65245158
near_miss_0051,prism_ar_synthetic,48.61684354
near_miss_0052,prism_ar_synthetic,47.78449879
near_miss_0053,prism_ar_synthetic,48.40147375
near_miss_0054,prism_ar_synthetic,48.7012767
near_miss_0055,prism_ar_synthetic,47.95883162
near_miss_0056,prism_ar_synthetic,48.16453764
near_miss_0057,prism_ar_synthetic,48.03038173
near_miss_0058,prism_ar_synthetic,47.07568874
near_miss_0059,prism_ar_synthetic,47.6325886
