scenario_id,frame_idx,timestamp,ego_speed_ms,vru_distance_m,lighting,weather,road_condition,prism_score,prism_tier,top_factor,static_cue,adaptive_cue,under_warning,lead_time_s
prism_ar_emergency_0000,0,0.0,12.657494516534312,54.568846834836805,night,rain,wet,80.20350409932001,silent,trajectory,advisory,silent,0,0.0
prism_ar_emergency_0000,1,0.1,12.657494516534312,53.26778373066624,night,rain,wet,79.91133961442524,silent,trajectory,advisory,silent,0,0.0
prism_ar_emergency_0000,2,0.2,12.657494516534312,51.96678007390656,night,rain,wet,79.60920130903129,silent,trajectory,advisory,silent,0,0.0
prism_ar_emergency_0000,3,0.3,12.657494516534312,50.66584044405167,night,rain,wet,79.29675022814851,silent,trajectory,advisory,silent,0,0.0
prism_ar_emergency_0000,4,0.4,12.657494516534312,49.36496990310053,night,rain,wet,78.97363607422893,silent,trajectory,advisory,silent,0,0.0
prism_ar_emergency_0000,5,0.5,12.657494516534312,48.06417406078596,night,rain,wet,78.63949684093537,silent,trajectory,advisory,silent,0,0.0
prism_ar_emergency_0000,6,0.6,12.657494516534312,46.763459150672624,night,rain,wet,78.29395843013867,silent,trajectory,advisory,silent,0,0.0
prism_ar_emergency_0000,7,0.7,12.657494516534312,45.46283211929624,night,rain,wet,77.93663424666441,silent,trajectory,advisory,silent,0,0.0
prism_ar_emergency_0000,8,0.8,12.657494516534312,44.16230073102612,night,rain,wet,77.56712476197845,silent,trajectory,advisory,silent,0,0.0
prism_ar_emergency_0000,9,0.9,12.657494516534312,42.861873691982424,night,rain,wet,77.18501703275064,silent,trajectory,advisory,silent,0,0.0
prism_ar_emergency_0000,10,1.0,12.657494516534312,41.56156079717061,night,rain,wet,76.78988415200065,silent,trajectory,advisory,silent,0,0.0
prism_ar_emergency_0000,11,1.1,12.657494516534312,40.26137310606721,night,rain,wet,76.38128459766189,silent,trajectory,advisory,silent,0,0.0
prism_ar_emergency_0000,12,1.2,12.657494516534312,38.961323153283494,night,rain,wet,75.95876142335354,silent,trajectory,advisory,silent,0,0.0
prism_ar_emergency_0000,13,1.3,12.657494516534312,37.66142520275628,night,rain,wet,75.52184120499739,silent,trajectory,advisory,silent,0,0.0
prism_ar_emergency_0000,14,1.4,12.657494516534312,36.361695556321585,night,rain,wet,75.07003260859967,silent,trajectory,advisory,silent,0,0.0
prism_ar_emergency_0000,15,1.5,12.657494516534312,35.06215293073168,night,rain,wet,74.6028243697096,silent,trajectory,advisory,silent,0,0.0
prism_ar_emergency_0000,16,1.6,12.657494516534312,33.76281892148529,night,rain,wet,74.11968235941255,silent,trajectory,advisory,silent,0,0.0
prism_ar_emergency_0000,17,1.7,12.657494516534312,32.463718577691985,night,rain,wet,73.62004523315511,silent,trajectory,advisory,silent,0,0.0
prism_ar_emergency_0000,18,1.8,12.657494516534312,31.164881120224898,night,rain,wet,73.10331788336103,silent,trajectory,advisory,silent,0,0.0
prism_ar_emergency_0000,19,1.9,12.657494516534312,29.86634084657019,night,rain,wet,72.56886149275728,silent,trajectory,advisory,silent,0,0.0
prism_ar_emergency_0000,20,2.0,12.657494516534312,28.568138281464055,night,rain,wet,72.01597833311514,silent,trajectory,advisory,silent,0,0.0
prism_ar_emergency_0000,21,2.1,12.657494516534312,27.270321654754763,night,rain,wet,71.44388845233959,silent,trajectory,advisory,silent,0,0.0
prism_ar_emergency_0000,22,2.2,12.657494516534312,25.972948820230457,night,rain,wet,70.8516938565981,silent,trajectory,advisory,silent,0,0.0
prism_ar_emergency_0000,23,2.3,12.657494516534312,24.6760897765919,night,rain,wet,70.23832344273748,silent,trajectory,advisory,silent,0,0.0
prism_ar_emergency_0000,24,2.4,12.657494516534312,23.379830022609774,night,rain,wet,69.60244834533897,advisory,trajectory,advisory,advisory,0,0.0
prism_ar_emergency_0000,25,2.5,12.657494516534312,22.084275086346317,night,rain,wet,68.9423518952988,advisory,trajectory,advisory,advisory,0,0.0
prism_ar_emergency_0000,26,2.6,12.657494516534312,20.789556735830054,night,rain,wet,68.25573009464321,advisory,trajectory,advisory,advisory,0,0.0
prism_ar_emergency_0000,27,2.7,12.657494516534312,19.49584164468839,night,rain,wet,67.5393860032263,advisory,trajectory,advisory,advisory,0,0.0
prism_ar_emergency_0000,28,2.8,12.657494516534312,18.203343719680316,night,rain,wet,66.78876270559377,advisory,trajectory,advisory,advisory,0,0.0
prism_ar_emergency_0000,29,2.9,12.657494516534312,16.912342022868163,night,rain,wet,65.99723180371362,advisory,trajectory,advisory,advisory,0,0.0
prism_ar_emergency_0000,30,3.0,12.657494516534312,15.623207474769998,night,rain,wet,65.15501405810815,advisory,trajectory,advisory,advisory,0,0.0
prism_ar_emergency_0000,31,3.1,12.657494516534312,14.336443766866847,night,rain,wet,64.24755184507438,advisory,trajectory,advisory,advisory,0,0.0
prism_ar_emergency_0000,32,3.2,12.657494516534312,13.05275208302641,night,rain,wet,63.25307687845888,advisory,trajectory,advisory,advisory,0,0.0
prism_ar_emergency_0000,33,3.3,12.657494516534312,11.773137346559515,night,rain,wet,62.13902587306555,advisory,trajectory,advisory,advisory,0,0.0
prism_ar_emergency_0000,34,3.4,12.657494516534312,10.499090341574737,night,rain,wet,60.856881346420465,advisory,trajectory,advisory,advisory,0,0.0
prism_ar_emergency_0000,35,3.5,12.657494516534312,9.23291622401776,night,rain,wet,59.33506215557085,advisory,trajectory,advisory,advisory,0,0.0
prism_ar_emergency_0000,36,3.6,12.657494516534312,7.978364179360453,night,rain,wet,57.4700039411534,advisory,trajectory,advisory,advisory,0,0.0
prism_ar_emergency_0000,37,3.7,12.657494516534312,6.741925313800416,night,rain,wet,55.11764828189105,advisory,trajectory,advisory,advisory,0,0.0
prism_ar_emergency_0000,38,3.8,12.657494516534312,5.53574998304771,night,rain,wet,52.09478815232917,advisory,trajectory,advisory,advisory,0,0.0
prism_ar_emergency_0000,39,3.9,12.657494516534312,4.384884011276895,night,rain,wet,48.22434917569032,advisory,trajectory,advisory,advisory,0,0.0
prism_ar_emergency_0001,0,0.0,12.86063500778732,55.79418642858356,night,rain,wet,80.28620791320475,silent,trajectory,advisory,silent,0,0.0
prism_ar_emergency_0001,1,0.1,12.86063500778732,54.47234612385157,night,rain,wet,79.99672056373495,silent,trajectory,advisory,silent,0,0.0
prism_ar_emergency_0001,2,0.2,12.86063500778732,53.150564572521695,night,rain,wet,79.69734531117368,silent,trajectory,advisory,silent,0,0.0
prism_ar_emergency_0001,3,0.3,12.86063500778732,51.828846269725794,night,rain,wet,79.38774590251681,silent,trajectory,advisory,silent,0,0.0
prism_ar_emergency_0001,4,0.4,12.86063500778732,50.50719618089984,night,rain,wet,79.0675748275205,silent,trajectory,advisory,silent,0,0.0
prism_ar_emergency_0001,5,0.5,12.86063500778732,49.185619804907375,night,rain,wet,78.73647295892987,silent,trajectory,advisory,silent,0,0.0
prism_ar_emergency_0001,6,0.6,12.86063500778732,47.864123247604276,night,rain,wet,78.39406917874557,silent,trajectory,advisory,silent,0,0.0
prism_ar_emergency_0001,7,0.7,12.86063500778732,46.542713307915,night,rain,wet,78.03997998658924,silent,trajectory,advisory,silent,0,0.0
prism_ar_emergency_0001,8,0.8,12.86063500778732,45.221397578974106,night,rain,wet,77.67380908370602,silent,trajectory,advisory,silent,0,0.0
prism_ar_emergency_0001,9,0.9,12.86063500778732,43.900184567499075,night,rain,wet,77.29514692211433,silent,trajectory,advisory,silent,0,0.0
prism_ar_emergency_0001,10,1.0,12.86063500778732,42.579083835344356,night,rain,wet,76.90357020202173,silent,trajectory,advisory,silent,0,0.0
prism_ar_emergency_0001,11,1.1,12.86063500778732,41.25810616819492,night,rain,wet,76.49864129053283,silent,trajectory,advisory,silent,0,0.0
prism_ar_emergency_0001,12,1.2,12.86063500778732,39.93726377766465,night,rain,wet,76.07990751880187,silent,trajectory,advisory,silent,0,0.0
prism_ar_emergency_0001,13,1.3,12.86063500778732,38.616570544773225,night,rain,wet,75.64690028988662,silent,trajectory,advisory,silent,0,0.0
prism_ar_emergency_0001,14,1.4,12.86063500778732,37.29604231502441,night,rain,wet,75.19913389061684,silent,trajectory,advisory,silent,0,0.0
prism_ar_emergency_0001,15,1.5,12.86063500778732,35.9756972582978,night,rain,wet,74.73610383998992,silent,trajectory,advisory,silent,0,0.0
prism_ar_emergency_0001,16,1.6,12.86063500778732,34.655556310774486,night,rain,wet,74.25728451185034,silent,trajectory,advisory,silent,0,0.0
prism_ar_emergency_0001,17,1.7,12.86063500778732,33.33564372154508,night,rain,wet,73.76212562215343,silent,trajectory,advisory,silent,0,0.0
prism_ar_emergency_0001,18,1.8,12.86063500778732,32.015987733978726,night,rain,wet,73.25004694196828,silent,trajectory,advisory,silent,0,0.0
prism_ar_emergency_0001,19,1.9,12.86063500778732,30.696621442216166,night,rain,wet,72.72043024174604,silent,trajectory,advisory,silent,0,0.0
prism_ar_emergency_0001,20,2.0,12.86063500778732,29.377583877561058,night,rain,wet,72.17260692117864,silent,trajectory,advisory,silent,0,0.0
prism_ar_emergency_0001,21,2.1,12.86063500778732,28.05892140000229,night,rain,wet,71.6058389258264,silent,trajectory,advisory,silent,0,0.0
prism_ar_emergency_0001,22,2.2,12.86063500778732,26.740689499559256,night,rain,wet,71.0192892332039,silent,trajectory,advisory,silent,0,0.0
prism_ar_emergency_0001,23,2.3,12.86063500778732,25.422955155216158,night,rain,wet,70.41197615696836,silent,trajectory,advisory,silent,0,0.0
prism_ar_emergency_0001,24,2.4,12.86063500778732,24.105799963253375,night,rain,wet,69.78270258660217,advisory,trajectory,advisory,advisory,0,0.0
prism_ar_emergency_0001,25,2.5,12.86063500778732,22.789324343749243,night,rain,wet,69.12994647257258,advisory,trajectory,advisory,advisory,0,0.0
prism_ar_emergency_0001,26,2.6,12.86063500778732,21.473653283798225,night,rain,wet,68.45169151185888,advisory,trajectory,advisory,advisory,0,0.0
prism_ar_emergency_0001,27,2.7,12.86063500778732,20.1589443124613,night,rain,wet,67.74516578863923,advisory,trajectory,advisory,advisory,0,0.0
prism_ar_emergency_0001,28,2.8,12.86063500778732,18.845398784982354,night,rain,wet,67.00643918163868,advisory,trajectory,advisory,advisory,0,0.0
prism_ar_emergency_0001,29,2.9,12.86063500778732,17.533278189462298,night,rain,wet,66.22980496253336,advisory,trajectory,advisory,advisory,0,0.0
prism_ar_emergency_0001,30,3.0,12.86063500778732,16.222928277752295,night,rain,wet,65.40683352338777,advisory,trajectory,advisory,advisory,0,0.0
prism_ar_emergency_0001,31,3.1,12.86063500778732,14.914815750557462,night,rain,wet,64.52493211781191,advisory,trajectory,advisory,advisory,0,0.0
prism_ar_emergency_0001,32,3.2,12.86063500778732,13.609585775218138,night,rain,wet,63.56516975675387,advisory,trajectory,advisory,advisory,0,0.0
prism_ar_emergency_0001,33,3.3,12.86063500778732,12.308155434707666,night,rain,wet,62.49903138834616,advisory,trajectory,advisory,advisory,0,0.0
prism_ar_emergency_0001,34,3.4,12.86063500778732,11.011871982945902,night,rain,wet,61.28366824284737,advisory,trajectory,advisory,advisory,0,0.0
prism_ar_emergency_0001,35,3.5,12.86063500778732,9.722794251891534,night,rain,wet,59.85518649048769,advisory,trajectory,advisory,advisory,0,0.0
prism_ar_emergency_0001,36,3.6,12.86063500778732,8.44422291820878,night,rain,wet,58.119814332967714,advisory,trajectory,advisory,advisory,0,0.0
prism_ar_emergency_0001,37,3.7,12.86063500778732,7.181771539957999,night,rain,wet,55.944210201491494,advisory,trajectory,advisory,advisory,0,0.0
prism_ar_emergency_0001,38,3.8,12.86063500778732,5.945717227034939,night,rain,wet,53.15134121843694,advisory,trajectory,advisory,advisory,0,0.0
prism_ar_emergency_0001,39,3.9,12.86063500778732,4.75668302155299,night,rain,wet,49.54619590751971,advisory,trajectory,advisory,advisory,0,0.0
prism_ar_intervention_0002,0,0.0,7.350683756620239,36.59891595546452,dusk,clear,dry,88.24106399070625,silent,trajectory,advisory,silent,0,0.0
prism_ar_intervention_0002,1,0.1,7.350683756620239,35.840573709031496,dusk,clear,dry,88.00673439036336,silent,trajectory,advisory,silent,0,0.0
prism_ar_intervention_0002,2,0.2,7.350683756620239,35.08234052600944,dusk,clear,dry,87.76430326868216,silent,trajectory,advisory,silent,0,0.0
prism_ar_intervention_0002,3,0.3,7.350683756620239,34.32422363413702,dusk,clear,dry,87.51349049869216,silent,trajectory,advisory,silent,0,0.0
prism_ar_intervention_0002,4,0.4,7.350683756620239,33.56623091296695,dusk,clear,dry,87.25400564608618,silent,trajectory,advisory,silent,0,0.0
prism_ar_intervention_0002,5,0.5,7.350683756620239,32.808370968885164,dusk,clear,dry,86.98554734891168,silent,trajectory,advisory,silent,0,0.0
prism_ar_intervention_0002,6,0.6,7.350683756620239,32.05065322071232,dusk,clear,dry,86.70780258990123,silent,trajectory,advisory,silent,0,0.0
prism_ar_intervention_0002,7,0.7,7.350683756620239,31.293087997666962,dusk,clear,dry,86.42044583195042,silent,trajectory,advisory,silent,0,0.0
prism_ar_intervention_0002,8,0.8,7.350683756620239,30.535686651819386,dusk,clear,dry,86.12313797875818,silent,trajectory,advisory,silent,0,0.0
prism_ar_intervention_0002,9,0.9,7.350683756620239,29.778461687593506,dusk,clear,dry,85.81552511173987,silent,trajectory,advisory,silent,0,0.0
prism_ar_intervention_0002,10,1.0,7.350683756620239,29.021426911402017,dusk,clear,dry,85.4972369403315,silent,trajectory,advisory,silent,0,0.0
prism_ar_intervention_0002,11,1.1,7.350683756620239,28.264597605153085,dusk,clear,dry,85.16788488487138,silent,trajectory,advisory,silent,0,0.0
prism_ar_intervention_0002,12,1.2,7.350683756620239,27.507990728179383,dusk,clear,dry,84.82705968829005,silent,trajectory,advisory,silent,0,0.0
prism_ar_intervention_0002,13,1.3,7.350683756620239,26.75162515315624,dusk,clear,dry,84.474328423488,silent,trajectory,advisory,silent,0,0.0
prism_ar_intervention_0002,14,1.4,7.350683756620239,25.995521942853188,dusk,clear,dry,84.10923072580725,silent,trajectory,advisory,silent,0,0.0
prism_ar_intervention_0002,15,1.5,7.350683756620239,25.239704676179212,dusk,clear,dry,83.73127403223474,silent,trajectory,advisory,silent,0,0.0
prism_ar_intervention_0002,16,1.6,7.350683756620239,24.484199834038385,dusk,clear,dry,83.33992754819964,silent,trajectory,advisory,silent,0,0.0
prism_ar_intervention_0002,17,1.7,7.350683756620239,23.72903725814659,dusk,clear,dry,82.93461458566725,silent,trajectory,advisory,silent,0,0.0
prism_ar_intervention_0002,18,1.8,7.350683756620239,22.974250699356748,dusk,clear,dry,82.51470281852896,silent,trajectory,advisory,silent,0,0.0
prism_ar_intervention_0002,19,1.9,7.350683756620239,22.219878476451672,dusk,clear,dry,82.07949187795482,silent,trajectory,advisory,silent,0,0.0
prism_ar_intervention_0002,20,2.0,7.350683756620239,21.46596427213713,dusk,clear,dry,81.62819755528258,silent,trajectory,advisory,silent,0,0.0
prism_ar_intervention_0002,21,2.1,7.350683756620239,20.712558100583724,dusk,clear,dry,81.15993168590964,silent,trajectory,advisory,silent,0,0.0
prism_ar_intervention_0002,22,2.2,7.350683756620239,19.959717490997875,dusk,clear,dry,80.67367654616953,silent,trajectory,advisory,silent,0,0.0
prism_ar_intervention_0002,23,2.3,7.350683756620239,19.207508945301516,dusk,clear,dry,80.16825229706485,silent,trajectory,advisory,silent,0,0.0
prism_ar_intervention_0002,24,2.4,7.350683756620239,18.45600974642759,dusk,clear,dry,79.64227564446118,silent,trajectory,advisory,silent,0,0.0
prism_ar_intervention_0002,25,2.5,7.350683756620239,17.705310218960406,dusk,clear,dry,79.0941074463925,silent,trajectory,advisory,silent,0,0.0
prism_ar_intervention_0002,26,2.6,7.350683756620239,16.955516578742706,dusk,clear,dry,78.52178647947224,silent,trajectory,advisory,silent,0,0.0
prism_ar_intervention_0002,27,2.7,7.350683756620239,16.206754556894328,dusk,clear,dry,77.9229459811809,silent,trajectory,advisory,silent,0,0.0
prism_ar_intervention_0002,28,2.8,7.350683756620239,15.459174052833887,dusk,clear,dry,77.29470893268133,silent,trajectory,advisory,silent,0,0.0
prism_ar_intervention_0002,29,2.9,7.350683756620239,14.712955170094524,dusk,clear,dry,76.633557388854,silent,trajectory,advisory,silent,0,0.0
prism_ar_intervention_0002,30,3.0,7.350683756620239,13.968316133006551,dusk,clear,dry,75.93517060715656,silent,trajectory,advisory,silent,0,0.0
prism_ar_intervention_0002,31,3.1,7.350683756620239,13.225523795260903,dusk,clear,dry,75.19422648734167,silent,trajectory,advisory,silent,0,0.0
prism_ar_intervention_0002,32,3.2,7.350683756620239,12.484907770561016,dusk,clear,dry,74.40416130855797,silent,trajectory,advisory,silent,0,0.0
prism_ar_intervention_0002,33,3.3,7.350683756620239,11.746879701981227,dusk,clear,dry,73.55688466935358,silent,trajectory,advisory,silent,0,0.0
prism_ar_intervention_0002,34,3.4,7.350683756620239,11.011959940865365,dusk,clear,dry,72.64245122430326,silent,trajectory,advisory,silent,0,0.0
prism_ar_intervention_0002,35,3.5,7.350683756620239,10.28081509699643,dusk,clear,dry,71.64870066340289,silent,trajectory,advisory,silent,0,0.0
prism_ar_intervention_0002,36,3.6,7.350683756620239,9.55431183764886,dusk,clear,dry,70.56089673402019,silent,trajectory,advisory,silent,0,0.0
prism_ar_intervention_0002,37,3.7,7.350683756620239,8.833595453519813,dusk,clear,dry,69.3614328453202,advisory,trajectory,advisory,advisory,0,0.0
prism_ar_intervention_0002,38,3.8,7.350683756620239,8.1202069490165,dusk,clear,dry,68.02974031205615,advisory,trajectory,advisory,advisory,0,0.0
prism_ar_intervention_0002,39,3.9,7.350683756620239,7.416261286272692,dusk,clear,dry,66.54266183171487,advisory,trajectory,advisory,advisory,0,0.0
prism_ar_intervention_0003,0,0.0,8.417823523184566,40.40737469234793,dusk,clear,dry,87.85469040989138,silent,trajectory,advisory,silent,0,0.0
prism_ar_intervention_0003,1,0.1,8.417823523184566,39.540034956235836,dusk,clear,dry,87.60677533587155,silent,trajectory,advisory,silent,0,0.0
prism_ar_intervention_0003,2,0.2,8.417823523184566,38.67278941868953,dusk,clear,dry,87.35028178061461,silent,trajectory,advisory,silent,0,0.0
prism_ar_intervention_0003,3,0.3,8.417823523184566,37.80564456233566,dusk,clear,dry,87.08491420015811,silent,trajectory,advisory,silent,0,0.0
prism_ar_intervention_0003,4,0.4,8.417823523184566,36.93860747773819,dusk,clear,dry,86.8103666665931,silent,trajectory,advisory,silent,0,0.0
prism_ar_intervention_0003,5,0.5,8.417823523184566,36.07168593626548,dusk,clear,dry,86.52632236517763,silent,trajectory,advisory,silent,0,0.0
prism_ar_intervention_0003,6,0.6,8.417823523184566,35.20488847367836,dusk,clear,dry,86.23245301412497,silent,trajectory,advisory,silent,0,0.0
prism_ar_intervention_0003,7,0.7,8.417823523184566,34.338224486322694,dusk,clear,dry,85.92841818277752,silent,trajectory,advisory,silent,0,0.0
prism_ar_intervention_0003,8,0.8,8.417823523184566,33.471704342197036,dusk,clear,dry,85.61386447561532,silent,trajectory,advisory,silent,0,0.0
prism_ar_intervention_0003,9,0.9,8.417823523184566,32.605339509644956,dusk,clear,dry,85.28842453850707,silent,trajectory,advisory,silent,0,0.0
prism_ar_intervention_0003,10,1.0,8.417823523184566,31.739142707016807,dusk,clear,dry,84.95171582887471,silent,trajectory,advisory,silent,0,0.0
prism_ar_intervention_0003,11,1.1,8.417823523184566,30.87312807739026,dusk,clear,dry,84.6033390717877,silent,trajectory,advisory,silent,0,0.0
prism_ar_intervention_0003,12,1.2,8.417823523184566,30.007311393373932,dusk,clear,dry,84.24287629781948,silent,trajectory,advisory,silent,0,0.0
prism_ar_intervention_0003,13,1.3,8.417823523184566,29.14171029820104,dusk,clear,dry,83.86988832364798,silent,trajectory,advisory,silent,0,0.0
prism_ar_intervention_0003,14,1.4,8.417823523184566,28.27634459082441,dusk,clear,dry,83.48391149005299,silent,trajectory,advisory,silent,0,0.0
prism_ar_intervention_0003,15,1.5,8.417823523184566,27.41123656465018,dusk,clear,dry,83.08445341044515,silent,trajectory,advisory,silent,0,0.0
prism_ar_intervention_0003,16,1.6,8.417823523184566,26.54641141203056,dusk,clear,dry,82.67098740148788,silent,trajectory,advisory,silent,0,0.0
prism_ar_intervention_0003,17,1.7,8.417823523184566,25.681897709860905,dusk,clear,dry,82.24294515937154,silent,trajectory,advisory,silent,0,0.0
prism_ar_intervention_0003,18,1.8,8.417823523184566,24.81772800584559,dusk,clear,dry,81.79970710256232,silent,trajectory,advisory,silent,0,0.0
prism_ar_intervention_0003,19,1.9,8.417823523184566,23.953939530563815,dusk,clear,dry,81.34058961359905,silent,trajectory,advisory,silent,0,0.0
prism_ar_intervention_0003,20,2.0,8.417823523184566,23.090575067873125,dusk,clear,dry,80.86482816486564,silent,trajectory,advisory,silent,0,0.0
prism_ar_intervention_0003,21,2.1,8.417823523184566,22.227684026134202,dusk,clear,dry,80.37155498848153,silent,trajectory,advisory,silent,0,0.0
prism_ar_intervention_0003,22,2.2,8.417823523184566,21.36532376622551,dusk,clear,dry,79.85976952612413,silent,trajectory,advisory,silent,0,0.0
prism_ar_intervention_0003,23,2.3,8.417823523184566,20.503561260791273,dusk,clear,dry,79.3282993428906,silent,trajectory,advisory,silent,0,0.0
prism_ar_intervention_0003,24,2.4,8.417823523184566,19.642475184757195,dusk,clear,dry,78.77574847645067,silent,trajectory,advisory,silent,0,0.0
prism_ar_intervention_0003,25,2.5,8.417823523184566,18.78215857301777,dusk,clear,dry,78.20042927925672,silent,trajectory,advisory,silent,0,0.0
prism_ar_intervention_0003,26,2.6,8.417823523184566,17.922722232115543,dusk,clear,dry,77.60027265410051,silent,trajectory,advisory,silent,0,0.0
prism_ar_intervention_0003,27,2.7,8.417823523184566,17.06429916599431,dusk,clear,dry,76.97271013975882,silent,trajectory,advisory,silent,0,0.0
prism_ar_intervention_0003,28,2.8,8.417823523184566,16.20705038287167,dusk,clear,dry,76.31451954474898,silent,trajectory,advisory,silent,0,0.0
prism_ar_intervention_0003,29,2.9,8.417823523184566,15.351172608915856,dusk,clear,dry,75.62162376155158,silent,trajectory,advisory,silent,0,0.0
prism_ar_intervention_0003,30,3.0,8.417823523184566,14.496908673711012,dusk,clear,dry,74.8888301152167,silent,trajectory,advisory,silent,0,0.0
prism_ar_intervention_0003,31,3.1,8.417823523184566,13.644561700124633,dusk,clear,dry,74.1094953843279,silent,trajectory,advisory,silent,0,0.0
prism_ar_intervention_0003,32,3.2,8.417823523184566,12.79451480723281,dusk,clear,dry,73.275100120366,silent,trajectory,advisory,silent,0,0.0
prism_ar_intervention_0003,33,3.3,8.417823523184566,11.947258957011542,dusk,clear,dry,72.37471645232856,silent,trajectory,advisory,silent,0,0.0
prism_ar_intervention_0003,34,3.4,8.417823523184566,11.103433085703124,dusk,clear,dry,71.39435900283519,silent,trajectory,advisory,silent,0,0.0
prism_ar_intervention_0003,35,3.5,8.417823523184566,10.263883195987875,dusk,clear,dry,70.3162245168393,silent,trajectory,advisory,silent,0,0.0
prism_ar_intervention_0003,36,3.6,8.417823523184566,9.429751454968416,dusk,clear,dry,69.11786368332316,advisory,trajectory,advisory,advisory,0,0.0
prism_ar_intervention_0003,37,3.7,8.417823523184566,8.602614080236139,dusk,clear,dry,67.77141137375868,advisory,trajectory,advisory,advisory,0,0.0
prism_ar_intervention_0003,38,3.8,8.417823523184566,7.784700880180074,dusk,clear,dry,66.2431759018624,advisory,trajectory,advisory,advisory,0,0.0
prism_ar_intervention_0003,39,3.9,8.417823523184566,6.979255608134505,dusk,clear,dry,64.49424989088644,advisory,trajectory,advisory,advisory,0,0.0
prism_ar_intervention_0004,0,0.0,5.553736359210656,27.189375229649283,day,clear,dry,92.97174476451161,silent,trajectory,advisory,silent,0,0.0
prism_ar_intervention_0004,1,0.1,5.553736359210656,26.613828451324906,day,clear,dry,92.72787440449272,silent,trajectory,advisory,silent,0,0.0
prism_ar_intervention_0004,2,0.2,5.553736359210656,26.038424746320523,day,clear,dry,92.47546101163057,silent,trajectory,advisory,silent,0,0.0
prism_ar_intervention_0004,3,0.3,5.553736359210656,25.463173813929867,day,clear,dry,92.214181551834,silent,trajectory,advisory,silent,0,0.0
prism_ar_intervention_0004,4,0.4,5.553736359210656,24.888086247487404,day,clear,dry,91.94369528190795,silent,trajectory,advisory,silent,0,0.0
prism_ar_intervention_0004,5,0.5,5.553736359210656,24.313173639442876,day,clear,dry,91.6636416912467,silent,trajectory,advisory,silent,0,0.0
prism_ar_intervention_0004,6,0.6,5.553736359210656,23.73844870155565,day,clear,dry,91.37363806493246,silent,trajectory,advisory,silent,0,0.0
prism_ar_intervention_0004,7,0.7,5.553736359210656,23.163925402799048,day,clear,dry,91.07327659166727,silent,trajectory,advisory,silent,0,0.0
prism_ar_intervention_0004,8,0.8,5.553736359210656,22.589619128082923,day,clear,dry,90.7621209246469,silent,trajectory,advisory,silent,0,0.0
prism_ar_intervention_0004,9,0.9,5.553736359210656,22.01554686153904,day,clear,dry,90.43970208524766,silent,trajectory,advisory,silent,0,0.0
prism_ar_intervention_0004,10,1.0,5.553736359210656,21.441727398900348,day,clear,dry,90.10551357774257,silent,trajectory,advisory,silent,0,0.0
prism_ar_intervention_0004,11,1.1,5.553736359210656,20.868181594481275,day,clear,dry,89.75900555763567,silent,trajectory,advisory,silent,0,0.0
prism_ar_intervention_0004,12,1.2,5.553736359210656,20.29493264948423,day,clear,dry,89.39957786599012,silent,trajectory,advisory,silent,0,0.0
prism_ar_intervention_0004,13,1.3,5.553736359210656,19.722006449885264,day,clear,dry,89.02657170667678,silent,trajectory,advisory,silent,0,0.0
prism_ar_intervention_0004,14,1.4,5.553736359210656,19.149431964079024,day,clear,dry,88.63925970212185,silent,trajectory,advisory,silent,0,0.0
prism_ar_intervention_0004,15,1.5,5.553736359210656,18.57724171290851,day,clear,dry,88.2368340152631,silent,trajectory,advisory,silent,0,0.0
prism_ar_intervention_0004,16,1.6,5.553736359210656,18.00547232782648,day,clear,dry,87.81839217053172,silent,trajectory,advisory,silent,0,0.0
prism_ar_intervention_0004,17,1.7,5.553736359210656,17.434165216946383,day,clear,dry,87.38292014452453,silent,trajectory,advisory,silent,0,0.0
prism_ar_intervention_0004,18,1.8,5.553736359210656,16.863367363928297,day,clear,dry,86.92927222785849,silent,trajectory,advisory,silent,0,0.0
prism_ar_intervention_0004,19,1.9,5.553736359210656,16.293132291403698,day,clear,dry,86.4561470845658,silent,trajectory,advisory,silent,0,0.0
prism_ar_intervention_0004,20,2.0,5.553736359210656,15.723521229512247,day,clear,dry,85.96205935670625,silent,trajectory,advisory,silent,0,0.0
prism_ar_intervention_0004,21,2.1,5.553736359210656,15.154604541855377,day,clear,dry,85.44530608422734,silent,trajectory,advisory,silent,0,0.0
prism_ar_intervention_0004,22,2.2,5.553736359210656,14.586463476815954,day,clear,dry,84.9039271415158,silent,trajectory,advisory,silent,0,0.0
prism_ar_intervention_0004,23,2.3,5.553736359210656,14.019192333237628,day,clear,dry,84.33565884598468,silent,trajectory,advisory,silent,0,0.0
prism_ar_intervention_0004,24,2.4,5.553736359210656,13.452901158021358,day,clear,dry,83.73787989229596,silent,trajectory,advisory,silent,0,0.0
prism_ar_intervention_0004,25,2.5,5.553736359210656,12.887719132338232,day,clear,dry,83.10754884346987,silent,trajectory,advisory,silent,0,0.0
prism_ar_intervention_0004,26,2.6,5.553736359210656,12.323798857330571,day,clear,dry,82.44113262280027,silent,trajectory,advisory,silent,0,0.0
prism_ar_intervention_0004,27,2.7,5.553736359210656,11.761321825934722,day,clear,dry,81.73452588601761,silent,trajectory,advisory,silent,0,0.0
prism_ar_intervention_0004,28,2.8,5.553736359210656,11.200505474568342,day,clear,dry,80.98296195005427,silent,trajectory,advisory,silent,0,0.0
prism_ar_intervention_0004,29,2.9,5.553736359210656,10.641612361565478,day,clear,dry,80.18091733175068,silent,trajectory,advisory,silent,0,0.0
prism_ar_intervention_0004,30,3.0,5.553736359210656,10.084962240741001,day,clear,dry,79.32201425304642,silent,trajectory,advisory,silent,0,0.0
prism_ar_intervention_0004,31,3.1,5.553736359210656,9.530948122609898,day,clear,dry,78.39892924864678,silent,trajectory,advisory,silent,0,0.0
prism_ar_intervention_0004,32,3.2,5.553736359210656,8.980057895690392,day,clear,dry,77.40332214542352,silent,trajectory,advisory,silent,0,0.0
prism_ar_intervention_0004,33,3.3,5.553736359210656,8.432903798774317,day,clear,dry,76.32580957489714,silent,trajectory,advisory,silent,0,0.0
prism_ar_intervention_0004,34,3.4,5.553736359210656,7.890263121352427,day,clear,dry,75.15602308276,silent,trajectory,advisory,silent,0,0.0
prism_ar_intervention_0004,35,3.5,5.553736359210656,7.353135164290587,day,clear,dry,73.88281740659193,silent,trajectory,advisory,silent,0,0.0
prism_ar_intervention_0004,36,3.6,5.553736359210656,6.82282202170335,day,clear,dry,72.49473526021086,silent,trajectory,advisory,silent,0,0.0
prism_ar_intervention_0004,37,3.7,5.553736359210656,6.301044588853062,day,clear,dry,70.98089958261203,silent,trajectory,advisory,silent,0,0.0
prism_ar_intervention_0004,38,3.8,5.553736359210656,5.790110919226807,day,clear,dry,69.33260469118979,advisory,trajectory,advisory,advisory,0,0.0
prism_ar_intervention_0004,39,3.9,5.553736359210656,5.293162096379191,day,clear,dry,67.5460274469304,advisory,trajectory,advisory,advisory,0,0.0
prism_ar_intervention_0005,0,0.0,5.844957629079098,29.301695612591345,day,clear,dry,93.25657537655438,silent,trajectory,advisory,silent,0,0.0
prism_ar_intervention_0005,1,0.1,5.844957629079098,28.696675989524003,day,clear,dry,93.02285662284369,silent,trajectory,advisory,silent,0,0.0
prism_ar_intervention_0005,2,0.2,5.844957629079098,28.091793428841235,day,clear,dry,92.78101150021155,silent,trajectory,advisory,silent,0,0.0
prism_ar_intervention_0005,3,0.3,5.844957629079098,27.48705697916471,day,clear,dry,92.53074502340246,silent,trajectory,advisory,silent,0,0.0
prism_ar_intervention_0005,4,0.4,5.844957629079098,26.882476501044366,day,clear,dry,92.27174817302766,silent,trajectory,advisory,silent,0,0.0
prism_ar_intervention_0005,5,0.5,5.844957629079098,26.278062759814567,day,clear,dry,92.00369648073871,silent,trajectory,advisory,silent,0,0.0
prism_ar_intervention_0005,6,0.6,5.844957629079098,25.673827531447262,day,clear,dry,91.72624835269198,silent,trajectory,advisory,silent,0,0.0
prism_ar_intervention_0005,7,0.7,5.844957629079098,25.069783723567323,day,clear,dry,91.4390430751226,silent,trajectory,advisory,silent,0,0.0
prism_ar_intervention_0005,8,0.8,5.844957629079098,24.46594551421584,day,clear,dry,91.14169843376429,silent,trajectory,advisory,silent,0,0.0
prism_ar_intervention_0005,9,0.9,5.844957629079098,23.862328511461552,day,clear,dry,90.83380786425379,silent,trajectory,advisory,silent,0,0.0
prism_ar_intervention_0005,10,1.0,5.844957629079098,23.258949937592604,day,clear,dry,90.51493703305702,silent,trajectory,advisory,silent,0,0.0
prism_ar_intervention_0005,11,1.1,5.844957629079098,22.65582884240086,day,clear,dry,90.1846197272796,silent,trajectory,advisory,silent,0,0.0
prism_ar_intervention_0005,12,1.2,5.844957629079098,22.05298635103831,day,clear,dry,89.84235290631437,silent,trajectory,advisory,silent,0,0.0
prism_ar_intervention_0005,13,1.3,5.844957629079098,21.450445953131062,day,clear,dry,89.48759073788797,silent,trajectory,advisory,silent,0,0.0
prism_ar_intervention_0005,14,1.4,5.844957629079098,20.848233841347493,day,clear,dry,89.11973740485226,silent,trajectory,advisory,silent,0,0.0
prism_ar_intervention_0005,15,1.5,5.844957629079098,20.24637930952131,day,clear,dry,88.7381384261135,silent,trajectory,advisory,silent,0,0.0
prism_ar_intervention_0005,16,1.6,5.844957629079098,19.64491522284364,day,clear,dry,88.34207018443522,silent,trajectory,advisory,silent,0,0.0
prism_ar_intervention_0005,17,1.7,5.844957629079098,19.043878575715883,day,clear,dry,87.93072729454319,silent,trajectory,advisory,silent,0,0.0
prism_ar_intervention_0005,18,1.8,5.844957629079098,18.443311156804317,day,clear,dry,87.50320737616283,silent,trajectory,advisory,silent,0,0.0
prism_ar_intervention_0005,19,1.9,5.844957629079098,17.843260345939875,day,clear,dry,87.05849271778423,silent,trajectory,advisory,silent,0,0.0
prism_ar_intervention_0005,20,2.0,5.844957629079098,17.24378007414481,day,clear,dry,86.59542822809406,silent,trajectory,advisory,silent,0,0.0
prism_ar_intervention_0005,21,2.1,5.844957629079098,16.644931986768594,day,clear,dry,86.11269497417781,silent,trajectory,advisory,silent,0,0.0
prism_ar_intervention_0005,22,2.2,5.844957629079098,16.04678686120765,day,clear,dry,85.60877850155221,silent,trajectory,advisory,silent,0,0.0
prism_ar_intervention_0005,23,2.3,5.844957629079098,15.449426345987614,day,clear,dry,85.08193102647061,silent,trajectory,advisory,silent,0,0.0
prism_ar_intervention_0005,24,2.4,5.844957629079098,14.852945108541988,day,clear,dry,84.53012649601492,silent,trajectory,advisory,silent,0,0.0
prism_ar_intervention_0005,25,2.5,5.844957629079098,14.257453506879205,day,clear,dry,83.95100744390584,silent,trajectory,advisory,silent,0,0.0
prism_ar_intervention_0005,26,2.6,5.844957629079098,13.663080938444239,day,clear,dry,83.34182255914747,silent,trajectory,advisory,silent,0,0.0
prism_ar_intervention_0005,27,2.7,5.844957629079098,13.069980072147393,day,clear,dry,82.69935397861589,silent,trajectory,advisory,silent,0,0.0
prism_ar_intervention_0005,28,2.8,5.844957629079098,12.47833224306747,day,clear,dry,82.01983359107172,silent,trajectory,advisory,silent,0,0.0
prism_ar_intervention_0005,29,2.9,5.844957629079098,11.888354393128596,day,clear,dry,81.29884822326228,silent,trajectory,advisory,silent,0,0.0
prism_ar_intervention_0005,30,3.0,5.844957629079098,11.300308089209699,day,clear,dry,80.53123466792967,silent,trajectory,advisory,silent,0,0.0
prism_ar_intervention_0005,31,3.1,5.844957629079098,10.714511364112312,day,clear,dry,79.7109674274305,silent,trajectory,advisory,silent,0,0.0
prism_ar_intervention_0005,32,3.2,5.844957629079098,10.13135443850037,day,clear,dry,78.83104529658506,silent,trajectory,advisory,silent,0,0.0
prism_ar_intervention_0005,33,3.3,5.844957629079098,9.55132084434116,day,clear,dry,77.88338831678986,silent,trajectory,advisory,silent,0,0.0
prism_ar_intervention_0005,34,3.4,5.844957629079098,8.975016162145119,day,clear,dry,76.85876552732738,silent,trajectory,advisory,silent,0,0.0
prism_ar_intervention_0005,35,3.5,5.844957629079098,8.403207630195853,day,clear,dry,75.74678846313041,silent,trajectory,advisory,silent,0,0.0
prism_ar_intervention_0005,36,3.6,5.844957629079098,7.836879478963109,day,clear,dry,74.53602895664946,silent,trajectory,advisory,silent,0,0.0
prism_ar_intervention_0005,37,3.7,5.844957629079098,7.277311288216263,day,clear,dry,73.214358007604,silent,trajectory,advisory,silent,0,0.0
prism_ar_intervention_0005,38,3.8,5.844957629079098,6.726190402419639,day,clear,dry,71.76966385239925,silent,trajectory,advisory,silent,0,0.0
prism_ar_intervention_0005,39,3.9,5.844957629079098,6.185775068639323,day,clear,dry,70.19120439695814,silent,trajectory,advisory,silent,0,0.0
prism_ar_advisory_0006,0,0.0,5.143865120080665,29.675769397001375,day,clear,dry,94.88237275313614,silent,trajectory,advisory,silent,0,0.0
prism_ar_advisory_0006,1,0.1,5.143865120080665,29.149414685622023,day,clear,dry,94.70448719461507,silent,trajectory,advisory,silent,0,0.0
prism_ar_advisory_0006,2,0.2,5.143865120080665,28.623104939992295,day,clear,dry,94.52038453876371,silent,trajectory,advisory,silent,0,0.0
prism_ar_advisory_0006,3,0.3,5.143865120080665,28.096842687006077,day,clear,dry,94.32983944050544,silent,trajectory,advisory,silent,0,0.0
prism_ar_advisory_0006,4,0.4,5.143865120080665,27.57063064625152,day,clear,dry,94.13261673218221,silent,trajectory,advisory,silent,0,0.0
prism_ar_advisory_0006,5,0.5,5.143865120080665,27.04447174871014,day,clear,dry,93.92847068354119,silent,trajectory,advisory,silent,0,0.0
prism_ar_advisory_0006,6,0.6,5.143865120080665,26.518369157673316,day,clear,dry,93.7171441584389,silent,trajectory,advisory,silent,0,0.0
prism_ar_advisory_0006,7,0.7,5.143865120080665,25.992326292188604,day,clear,dry,93.49836764981218,silent,trajectory,advisory,silent,0,0.0
prism_ar_advisory_0006,8,0.8,5.143865120080665,25.466346853399678,day,clear,dry,93.27185817101135,silent,trajectory,advisory,silent,0,0.0
prism_ar_advisory_0006,9,0.9,5.143865120080665,24.94043485420455,day,clear,dry,93.03731797749222,silent,trajectory,advisory,silent,0,0.0
prism_ar_advisory_0006,10,1.0,5.143865120080665,24.414594652729413,day,clear,dry,92.79443308800256,silent,trajectory,advisory,silent,0,0.0
prism_ar_advisory_0006,11,1.1,5.143865120080665,23.888830990202248,day,clear,dry,92.54287156863514,silent,trajectory,advisory,silent,0,0.0
prism_ar_advisory_0006,12,1.2,5.143865120080665,23.363149033914752,day,clear,dry,92.28228153629256,silent,trajectory,advisory,silent,0,0.0
prism_ar_advisory_0006,13,1.3,5.143865120080665,22.837554426086818,day,clear,dry,92.01228883002642,silent,trajectory,advisory,silent,0,0.0
prism_ar_advisory_0006,14,1.4,5.143865120080665,22.312053339599743,day,clear,dry,91.73249428915206,silent,trajectory,advisory,silent,0,0.0
prism_ar_advisory_0006,15,1.5,5.143865120080665,21.786652541749312,day,clear,dry,91.44247056574169,silent,trajectory,advisory,silent,0,0.0
prism_ar_advisory_0006,16,1.6,5.143865120080665,21.261359467394847,day,clear,dry,91.14175838576104,silent,trajectory,advisory,silent,0,0.0
prism_ar_advisory_0006,17,1.7,5.143865120080665,20.736182303156724,day,clear,dry,90.82986215739004,silent,trajectory,advisory,silent,0,0.0
prism_ar_advisory_0006,18,1.8,5.143865120080665,20.211130084654368,day,clear,dry,90.50624480655837,silent,trajectory,advisory,silent,0,0.0
prism_ar_advisory_0006,19,1.9,5.143865120080665,19.68621280919701,day,clear,dry,90.1703216979772,silent,trajectory,advisory,silent,0,0.0
prism_ar_advisory_0006,20,2.0,5.143865120080665,19.161441566861956,day,clear,dry,89.82145347444728,silent,trajectory,advisory,silent,0,0.0
prism_ar_advisory_0006,21,2.1,5.143865120080665,18.636828693547592,day,clear,dry,89.45893761740041,silent,trajectory,advisory,silent,0,0.0
prism_ar_advisory_0006,22,2.2,5.143865120080665,18.11238795040879,day,clear,dry,89.08199849686525,silent,trajectory,advisory,silent,0,0.0
prism_ar_advisory_0006,23,2.3,5.143865120080665,17.58813473511871,day,clear,dry,88.68977563867544,silent,trajectory,advisory,silent,0,0.0
prism_ar_advisory_0006,24,2.4,5.143865120080665,17.0640863317192,day,clear,dry,88.28130989008265,silent,trajectory,advisory,silent,0,0.0
prism_ar_advisory_0006,25,2.5,5.143865120080665,16.5402622075088,day,clear,dry,87.85552711135183,silent,trajectory,advisory,silent,0,0.0
prism_ar_advisory_0006,26,2.6,5.143865120080665,16.016684367590646,day,clear,dry,87.41121895985671,silent,trajectory,advisory,silent,0,0.0
prism_ar_advisory_0006,27,2.7,5.143865120080665,15.493377780522954,day,clear,dry,86.94702026434643,silent,trajectory,advisory,silent,0,0.0
prism_ar_advisory_0006,28,2.8,5.143865120080665,14.970370892201807,day,clear,dry,86.4613824105163,silent,trajectory,advisory,silent,0,0.0
prism_ar_advisory_0006,29,2.9,5.143865120080665,14.447696249965423,day,clear,dry,85.95254207561369,silent,trajectory,advisory,silent,0,0.0
prism_ar_advisory_0006,30,3.0,5.143865120080665,13.925391265366578,day,clear,dry,85.4184845615655,silent,trajectory,advisory,silent,0,0.0
prism_ar_advisory_0006,31,3.1,5.143865120080665,13.403499152718727,day,clear,dry,84.85690088698544,silent,trajectory,advisory,silent,0,0.0
prism_ar_advisory_0006,32,3.2,5.143865120080665,12.88207009224125,day,clear,dry,84.26513771547886,silent,trajectory,advisory,silent,0,0.0
prism_ar_advisory_0006,33,3.3,5.143865120080665,12.361162682652562,day,clear,dry,83.64013913290297,silent,trajectory,advisory,silent,0,0.0
prism_ar_advisory_0006,34,3.4,5.143865120080665,11.840845770201094,day,clear,dry,82.97837925947893,silent,trajectory,advisory,silent,0,0.0
prism_ar_advisory_0006,35,3.5,5.143865120080665,11.321200772068178,day,clear,dry,82.27578472612096,silent,trajectory,advisory,silent,0,0.0
prism_ar_advisory_0006,36,3.6,5.143865120080665,10.802324655849127,day,clear,dry,81.52764621009815,silent,trajectory,advisory,silent,0,0.0
prism_ar_advisory_0006,37,3.7,5.143865120080665,10.284333799539757,day,clear,dry,80.72851859708152,silent,trajectory,advisory,silent,0,0.0
prism_ar_advisory_0006,38,3.8,5.143865120080665,9.767369047570934,day,clear,dry,79.87211005034497,silent,trajectory,advisory,silent,0,0.0
prism_ar_advisory_0006,39,3.9,5.143865120080665,9.251602412752003,day,clear,dry,78.95116154380085,silent,trajectory,advisory,silent,0,0.0
prism_ar_advisory_0007,0,0.0,4.943414198827332,26.975065423528925,day,clear,dry,94.31800876973145,silent,trajectory,advisory,silent,0,0.0
prism_ar_advisory_0007,1,0.1,4.943414198827332,26.46947076194356,day,clear,dry,94.1202165935588,silent,trajectory,advisory,silent,0,0.0
prism_ar_advisory_0007,2,0.2,4.943414198827332,25.96393156640626,day,clear,dry,93.91545181815849,silent,trajectory,advisory,silent,0,0.0
prism_ar_advisory_0007,3,0.3,4.943414198827332,25.458451141155333,day,clear,dry,93.70345071516009,silent,trajectory,advisory,silent,0,0.0
prism_ar_advisory_0007,4,0.4,4.943414198827332,24.953033057768394,day,clear,dry,93.48393620160917,silent,trajectory,advisory,silent,0,0.0
prism_ar_advisory_0007,5,0.5,4.943414198827332,24.44768118271127,day,clear,dry,93.2566165886816,silent,trajectory,advisory,silent,0,0.0
prism_ar_advisory_0007,6,0.6,4.943414198827332,23.942399708359027,day,clear,dry,93.02118414193474,silent,trajectory,advisory,silent,0,0.0
prism_ar_advisory_0007,7,0.7,4.943414198827332,23.437193188009726,day,clear,dry,92.77731342022255,silent,trajectory,advisory,silent,0,0.0
prism_ar_advisory_0007,8,0.8,4.943414198827332,22.932066575502347,day,clear,dry,92.52465935455362,silent,trajectory,advisory,silent,0,0.0
prism_ar_advisory_0007,9,0.9,4.943414198827332,22.427025270159607,day,clear,dry,92.26285502129971,silent,trajectory,advisory,silent,0,0.0
prism_ar_advisory_0007,10,1.0,4.943414198827332,21.92207516790796,day,clear,dry,91.99150905609439,silent,trajectory,advisory,silent,0,0.0
prism_ar_advisory_0007,11,1.1,4.943414198827332,21.417222719586192,day,clear,dry,91.71020264529778,silent,trajectory,advisory,silent,0,0.0
prism_ar_advisory_0007,12,1.2,4.943414198827332,20.912474997647568,day,clear,dry,91.4184860208172,silent,trajectory,advisory,silent,0,0.0
prism_ar_advisory_0007,13,1.3,4.943414198827332,20.407839772696025,day,clear,dry,91.115874371102,silent,trajectory,advisory,silent,0,0.0
prism_ar_advisory_0007,14,1.4,4.943414198827332,19.903325601586182,day,clear,dry,90.80184306598008,silent,trajectory,advisory,silent,0,0.0
prism_ar_advisory_0007,15,1.5,4.943414198827332,19.39894192917236,day,clear,dry,90.47582207533974,silent,trajectory,advisory,silent,0,0.0
prism_ar_advisory_0007,16,1.6,4.943414198827332,18.89469920623164,day,clear,dry,90.13718944111288,silent,trajectory,advisory,silent,0,0.0
prism_ar_advisory_0007,17,1.7,4.943414198827332,18.39060902663266,day,clear,dry,89.78526363818227,silent,trajectory,advisory,silent,0,0.0
prism_ar_advisory_0007,18,1.8,4.943414198827332,17.886684287505,day,clear,dry,89.41929463227693,silent,trajectory,advisory,silent,0,0.0
prism_ar_advisory_0007,19,1.9,4.943414198827332,17.38293937702186,day,clear,dry,89.03845341119195,silent,trajectory,advisory,silent,0,0.0
prism_ar_advisory_0007,20,2.0,4.943414198827332,16.87939039549353,day,clear,dry,88.64181972932016,silent,trajectory,advisory,silent,0,0.0
prism_ar_advisory_0007,21,2.1,4.943414198827332,16.376055416847635,day,clear,dry,88.22836776411518,silent,trajectory,advisory,silent,0,0.0
prism_ar_advisory_0007,22,2.2,4.943414198827332,15.872954799336311,day,clear,dry,87.79694933641555,silent,trajectory,advisory,silent,0,0.0
prism_ar_advisory_0007,23,2.3,4.943414198827332,15.370111556582982,day,clear,dry,87.3462742944422,silent,trajectory,advisory,silent,0,0.0
prism_ar_advisory_0007,24,2.4,4.943414198827332,14.867551803029345,day,clear,dry,86.87488760397451,silent,trajectory,advisory,silent,0,0.0
prism_ar_advisory_0007,25,2.5,4.943414198827332,14.365305291696378,day,clear,dry,86.38114262551557,silent,trajectory,advisory,silent,0,0.0
prism_ar_advisory_0007,26,2.6,4.943414198827332,13.863406067249205,day,clear,dry,85.86316999488865,silent,trajectory,advisory,silent,0,0.0
prism_ar_advisory_0007,27,2.7,4.943414198827332,13.361893264098748,day,clear,dry,85.31884145982256,silent,trajectory,advisory,silent,0,0.0
prism_ar_advisory_0007,28,2.8,4.943414198827332,12.860812088309828,day,clear,dry,84.74572796709406,silent,trajectory,advisory,silent,0,0.0
prism_ar_advisory_0007,29,2.9,4.943414198827332,12.360215034310212,day,clear,dry,84.1410512516341,silent,trajectory,advisory,silent,0,0.0
prism_ar_advisory_0007,30,3.0,4.943414198827332,11.86016340409708,day,clear,dry,83.50162816507407,silent,trajectory,advisory,silent,0,0.0
prism_ar_advisory_0007,31,3.1,4.943414198827332,11.360729219698102,day,clear,dry,82.82380701945627,silent,trajectory,advisory,silent,0,0.0
prism_ar_advisory_0007,32,3.2,4.943414198827332,10.861997651843064,day,clear,dry,82.10339534859307,silent,trajectory,advisory,silent,0,0.0
prism_ar_advisory_0007,33,3.3,4.943414198827332,10.364070133297513,day,clear,dry,81.33557876229102,silent,trajectory,advisory,silent,0,0.0
prism_ar_advisory_0007,34,3.4,4.943414198827332,9.867068390413547,day,clear,dry,80.51483107845952,silent,trajectory,advisory,silent,0,0.0
prism_ar_advisory_0007,35,3.5,4.943414198827332,9.371139720877611,day,clear,dry,79.63481681020879,silent,trajectory,advisory,silent,0,0.0
prism_ar_advisory_0007,36,3.6,4.943414198827332,8.876463984563074,day,clear,dry,78.68828859273115,silent,trajectory,advisory,silent,0,0.0
prism_ar_advisory_0007,37,3.7,4.943414198827332,8.383262981930365,day,clear,dry,77.66698463672294,silent,trajectory,advisory,silent,0,0.0
prism_ar_advisory_0007,38,3.8,4.943414198827332,7.891813209464975,day,clear,dry,76.56153541324493,silent,trajectory,advisory,silent,0,0.0
prism_ar_advisory_0007,39,3.9,4.943414198827332,7.402463468055149,day,clear,dry,75.36139554418514,silent,trajectory,advisory,silent,0,0.0
prism_ar_advisory_0008,0,0.0,4.0436678296126685,24.511670386900583,day,clear,dry,95.06598508755359,silent,trajectory,advisory,silent,0,0.0
prism_ar_advisory_0008,1,0.1,4.0436678296126685,24.0900465517085,day,clear,dry,94.89535470801228,silent,trajectory,advisory,silent,0,0.0
prism_ar_advisory_0008,2,0.2,4.0436678296126685,23.668623742634324,day,clear,dry,94.7187558070472,silent,trajectory,advisory,silent,0,0.0
prism_ar_advisory_0008,3,0.3,4.0436678296126685,23.247412892121805,day,clear,dry,94.53596459736936,silent,trajectory,advisory,silent,0,0.0
prism_ar_advisory_0008,4,0.4,4.0436678296126685,22.826425733843568,day,clear,dry,94.34674638772738,silent,trajectory,advisory,silent,0,0.0
prism_ar_advisory_0008,5,0.5,4.0436678296126685,22.405674876870986,day,clear,dry,94.15085470142557,silent,trajectory,advisory,silent,0,0.0
prism_ar_advisory_0008,6,0.6,4.0436678296126685,21.98517388816624,day,clear,dry,93.94803029019205,silent,trajectory,advisory,silent,0,0.0
prism_ar_advisory_0008,7,0.7,4.0436678296126685,21.564937384496453,day,clear,dry,93.73800002974278,silent,trajectory,advisory,silent,0,0.0
prism_ar_advisory_0008,8,0.8,4.0436678296126685,21.14498113503736,day,clear,dry,93.52047568174264,silent,trajectory,advisory,silent,0,0.0
prism_ar_advisory_0008,9,0.9,4.0436678296126685,20.725322176130483,day,clear,dry,93.29515250507627,silent,trajectory,advisory,silent,0,0.0
prism_ar_advisory_0008,10,1.0,4.0436678296126685,20.305978939888938,day,clear,dry,93.06170769741674,silent,trajectory,advisory,silent,0,0.0
prism_ar_advisory_0008,11,1.1,4.0436678296126685,19.88697139861943,day,clear,dry,92.81979864603157,silent,trajectory,advisory,silent,0,0.0
prism_ar_advisory_0008,12,1.2,4.0436678296126685,19.468321227350053,day,clear,dry,92.5690609646212,silent,trajectory,advisory,silent,0,0.0
prism_ar_advisory_0008,13,1.3,4.0436678296126685,19.050051987135287,day,clear,dry,92.30910629078478,silent,trajectory,advisory,silent,0,0.0
prism_ar_advisory_0008,14,1.4,4.0436678296126685,18.63218933226347,day,clear,dry,92.03951981651727,silent,trajectory,advisory,silent,0,0.0
prism_ar_advisory_0008,15,1.5,4.0436678296126685,18.21476124503297,day,clear,dry,91.75985752205399,silent,trajectory,advisory,silent,0,0.0
prism_ar_advisory_0008,16,1.6,4.0436678296126685,17.797798302410456,day,clear,dry,91.46964308152631,silent,trajectory,advisory,silent,0,0.0
prism_ar_advisory_0008,17,1.7,4.0436678296126685,17.381333979660514,day,clear,dry,91.16836440746438,silent,trajectory,advisory,silent,0,0.0
prism_ar_advisory_0008,18,1.8,4.0436678296126685,16.965404996969713,day,clear,dry,90.85546980043716,silent,trajectory,advisory,silent,0,0.0
prism_ar_advisory_0008,19,1.9,4.0436678296126685,16.550051716215137,day,clear,dry,90.53036367041192,silent,trajectory,advisory,silent,0,0.0
prism_ar_advisory_0008,20,2.0,4.0436678296126685,16.135318596391997,day,clear,dry,90.19240179822474,silent,trajectory,advisory,silent,0,0.0
prism_ar_advisory_0008,21,2.1,4.0436678296126685,15.721254717872819,day,clear,dry,89.84088610953117,silent,trajectory,advisory,silent,0,0.0
prism_ar_advisory_0008,22,2.2,4.0436678296126685,15.307914387691431,day,clear,dry,89.47505894062225,silent,trajectory,advisory,silent,0,0.0
prism_ar_advisory_0008,23,2.3,4.0436678296126685,14.895357840516262,day,clear,dry,89.09409678671241,silent,trajectory,advisory,silent,0,0.0
prism_ar_advisory_0008,24,2.4,4.0436678296126685,14.483652053009815,day,clear,dry,88.6971035402883,silent,trajectory,advisory,silent,0,0.0
prism_ar_advisory_0008,25,2.5,4.0436678296126685,14.072871693004542,day,clear,dry,88.28310325192068,silent,trajectory,advisory,silent,0,0.0
prism_ar_advisory_0008,26,2.6,4.0436678296126685,13.663100229536807,day,clear,dry,87.85103248133498,silent,trajectory,advisory,silent,0,0.0
prism_ar_advisory_0008,27,2.7,4.0436678296126685,13.25443123549464,day,clear,dry,87.3997323561534,silent,trajectory,advisory,silent,0,0.0
prism_ar_advisory_0008,28,2.8,4.0436678296126685,12.846969921737587,day,clear,dry,86.92794052438644,silent,trajectory,advisory,silent,0,0.0
prism_ar_advisory_0008,29,2.9,4.0436678296126685,12.4408349503999,day,clear,dry,86.4342832808342,silent,trajectory,advisory,silent,0,0.0
prism_ar_advisory_0008,30,3.0,4.0436678296126685,12.03616058615205,day,clear,dry,85.91726827545234,silent,trajectory,advisory,silent,0,0.0
prism_ar_advisory_0008,31,3.1,4.0436678296126685,11.633099258051383,day,clear,dry,85.37527838447716,silent,trajectory,advisory,silent,0,0.0
prism_ar_advisory_0008,32,3.2,4.0436678296126685,11.231824621992553,day,clear,dry,84.80656755712128,silent,trajectory,advisory,silent,0,0.0
prism_ar_advisory_0008,33,3.3,4.0436678296126685,10.832535235585794,day,clear,dry,84.20925976072954,silent,trajectory,advisory,silent,0,0.0
prism_ar_advisory_0008,34,3.4,4.0436678296126685,10.435458984668786,day,clear,dry,83.58135255965405,silent,trajectory,advisory,silent,0,0.0
prism_ar_advisory_0008,35,3.5,4.0436678296126685,10.040858434949087,day,clear,dry,82.92072740865574,silent,trajectory,advisory,silent,0,0.0
prism_ar_advisory_0008,36,3.6,4.0436678296126685,9.64903732504746,day,clear,dry,82.22516945901754,silent,trajectory,advisory,silent,0,0.0
prism_ar_advisory_0008,37,3.7,4.0436678296126685,9.260348470177401,day,clear,dry,81.49240061177275,silent,trajectory,advisory,silent,0,0.0
prism_ar_advisory_0008,38,3.8,4.0436678296126685,8.875203410489354,day,clear,dry,80.72013076208012,silent,trajectory,advisory,silent,0,0.0
prism_ar_advisory_0008,39,3.9,4.0436678296126685,8.494084215823026,day,clear,dry,79.90613372002457,silent,trajectory,advisory,silent,0,0.0
prism_ar_advisory_0009,0,0.0,4.262104937594066,27.647511473649146,day,clear,dry,95.7318817591508,silent,trajectory,advisory,silent,0,0.0
prism_ar_advisory_0009,1,0.1,4.262104937594066,27.20419016332201,day,clear,dry,95.58485578685314,silent,trajectory,advisory,silent,0,0.0
prism_ar_advisory_0009,2,0.2,4.262104937594066,26.76105853556052,day,clear,dry,95.43276934288617,silent,trajectory,advisory,silent,0,0.0
prism_ar_advisory_0009,3,0.3,4.262104937594066,26.318126171710844,day,clear,dry,95.27544422584107,silent,trajectory,advisory,silent,0,0.0
prism_ar_advisory_0009,4,0.4,4.262104937594066,25.8754033047095,day,clear,dry,95.11269499430765,silent,trajectory,advisory,silent,0,0.0
prism_ar_advisory_0009,5,0.5,4.262104937594066,25.43290087499923,day,clear,dry,94.94432850496686,silent,trajectory,advisory,silent,0,0.0
prism_ar_advisory_0009,6,0.6,4.262104937594066,24.990630592255698,day,clear,dry,94.77014339923299,silent,trajectory,advisory,silent,0,0.0
prism_ar_advisory_0009,7,0.7,4.262104937594066,24.548605003635572,day,clear,dry,94.58992953122956,silent,trajectory,advisory,silent,0,0.0
prism_ar_advisory_0009,8,0.8,4.262104937594066,24.106837569356568,day,clear,dry,94.4034673288755,silent,trajectory,advisory,silent,0,0.0
prism_ar_advisory_0009,9,0.9,4.262104937594066,23.665342746536464,day,clear,dry,94.210527078728,silent,trajectory,advisory,silent,0,0.0
prism_ar_advisory_0009,10,1.0,4.262104937594066,23.224136082352686,day,clear,dry,94.01086812396403,silent,trajectory,advisory,silent,0,0.0
prism_ar_advisory_0009,11,1.1,4.262104937594066,22.783234317741428,day,clear,dry,93.80423796347634,silent,trajectory,advisory,silent,0,0.0
prism_ar_advisory_0009,12,1.2,4.262104937594066,22.342655503038817,day,clear,dry,93.59037123850682,silent,trajectory,advisory,silent,0,0.0
prism_ar_advisory_0009,13,1.3,4.262104937594066,21.902419127181258,day,clear,dry,93.36898859153214,silent,trajectory,advisory,silent,0,0.0
prism_ar_advisory_0009,14,1.4,4.262104937594066,21.462546262334417,day,clear,dry,93.13979538026183,silent,trajectory,advisory,silent,0,0.0
prism_ar_advisory_0009,15,1.5,4.262104937594066,21.02305972611646,day,clear,dry,92.90248022760993,silent,trajectory,advisory,silent,0,0.0
prism_ar_advisory_0009,16,1.6,4.262104937594066,20.58398426393101,day,clear,dry,92.65671338638262,silent,trajectory,advisory,silent,0,0.0
prism_ar_advisory_0009,17,1.7,4.262104937594066,20.145346754338686,day,clear,dry,92.40214489521514,silent,trajectory,advisory,silent,0,0.0
prism_ar_advisory_0009,18,1.8,4.262104937594066,19.70717644088604,day,clear,dry,92.13840250005026,silent,trajectory,advisory,silent,0,0.0
prism_ar_advisory_0009,19,1.9,4.262104937594066,19.269505194393766,day,clear,dry,91.86508931325527,silent,trajectory,advisory,silent,0,0.0
prism_ar_advisory_0009,20,2.0,4.262104937594066,18.832367810400477,day,clear,dry,91.58178118044806,silent,trajectory,advisory,silent,0,0.0
prism_ar_advisory_0009,21,2.1,4.262104937594066,18.395802347289244,day,clear,dry,91.28802372341217,silent,trajectory,advisory,silent,0,0.0
prism_ar_advisory_0009,22,2.2,4.262104937594066,17.959850511620136,day,clear,dry,90.98332902636643,silent,trajectory,advisory,silent,0,0.0
prism_ar_advisory_0009,23,2.3,4.262104937594066,17.524558098389715,day,clear,dry,90.66717193264434,silent,trajectory,advisory,silent,0,0.0
prism_ar_advisory_0009,24,2.4,4.262104937594066,17.089975495383715,day,clear,dry,90.33898591998334,silent,trajectory,advisory,silent,0,0.0
prism_ar_advisory_0009,25,2.5,4.262104937594066,16.656158262537026,day,clear,dry,89.99815852573494,silent,trajectory,advisory,silent,0,0.0
prism_ar_advisory_0009,26,2.6,4.262104937594066,16.223167799336533,day,clear,dry,89.64402629920929,silent,trajectory,advisory,silent,0,0.0
prism_ar_advisory_0009,27,2.7,4.262104937594066,15.791072115884472,day,clear,dry,89.27586926816883,silent,trajectory,advisory,silent,0,0.0
prism_ar_advisory_0009,28,2.8,4.262104937594066,15.35994672639145,day,clear,dry,88.89290492166579,silent,trajectory,advisory,silent,0,0.0
prism_ar_advisory_0009,29,2.9,4.262104937594066,14.929875687727199,day,clear,dry,88.49428173394851,silent,trajectory,advisory,silent,0,0.0
prism_ar_advisory_0009,30,3.0,4.262104937594066,14.500952810394114,day,clear,dry,88.07907228666099,silent,trajectory,advisory,silent,0,0.0
prism_ar_advisory_0009,31,3.1,4.262104937594066,14.07328307511972,day,clear,dry,87.64626609248955,silent,trajectory,advisory,silent,0,0.0
prism_ar_advisory_0009,32,3.2,4.262104937594066,13.646984295459214,day,clear,dry,87.19476228734743,silent,trajectory,advisory,silent,0,0.0
prism_ar_advisory_0009,33,3.3,4.262104937594066,13.222189075695997,day,clear,dry,86.72336244614053,silent,trajectory,advisory,silent,0,0.0
prism_ar_advisory_0009,34,3.4,4.262104937594066,12.799047124348112,day,clear,dry,86.2307638970098,silent,trajectory,advisory,silent,0,0.0
prism_ar_advisory_0009,35,3.5,4.262104937594066,12.37772799725369,day,clear,dry,85.7155540709683,silent,trajectory,advisory,silent,0,0.0
prism_ar_advisory_0009,36,3.6,4.262104937594066,11.9584243611605,day,clear,dry,85.17620664136493,silent,trajectory,advisory,silent,0,0.0
prism_ar_advisory_0009,37,3.7,4.262104937594066,11.541355889759267,day,clear,dry,84.61108049772092,silent,trajectory,advisory,silent,0,0.0
prism_ar_advisory_0009,38,3.8,4.262104937594066,11.12677393009537,day,clear,dry,84.01842298294402,silent,trajectory,advisory,silent,0,0.0
prism_ar_advisory_0009,39,3.9,4.262104937594066,10.71496710931508,day,clear,dry,83.39637932888154,silent,trajectory,advisory,silent,0,0.0
prism_ar_silent_0010,0,0.0,5.258087740085374,inf,day,clear,dry,100.0,silent,environmental,advisory,silent,0,0.0
prism_ar_silent_0010,1,0.1,5.258087740085374,inf,day,clear,dry,100.0,silent,environmental,advisory,silent,0,0.0
prism_ar_silent_0010,2,0.2,5.258087740085374,inf,day,clear,dry,100.0,silent,environmental,advisory,silent,0,0.0
prism_ar_silent_0010,3,0.3,5.258087740085374,inf,day,clear,dry,100.0,silent,environmental,advisory,silent,0,0.0
prism_ar_silent_0010,4,0.4,5.258087740085374,inf,day,clear,dry,100.0,silent,environmental,advisory,silent,0,0.0
prism_ar_silent_0010,5,0.5,5.258087740085374,inf,day,clear,dry,100.0,silent,environmental,advisory,silent,0,0.0
prism_ar_silent_0010,6,0.6,5.258087740085374,inf,day,clear,dry,100.0,silent,environmental,advisory,silent,0,0.0
prism_ar_silent_0010,7,0.7,5.258087740085374,inf,day,clear,dry,100.0,silent,environmental,advisory,silent,0,0.0
prism_ar_silent_0010,8,0.8,5.258087740085374,inf,day,clear,dry,100.0,silent,environmental,advisory,silent,0,0.0
prism_ar_silent_0010,9,0.9,5.258087740085374,inf,day,clear,dry,100.0,silent,environmental,advisory,silent,0,0.0
prism_ar_silent_0010,10,1.0,5.258087740085374,inf,day,clear,dry,100.0,silent,environmental,advisory,silent,0,0.0
prism_ar_silent_0010,11,1.1,5.258087740085374,inf,day,clear,dry,100.0,silent,environmental,advisory,silent,0,0.0
prism_ar_silent_0010,12,1.2,5.258087740085374,inf,day,clear,dry,100.0,silent,environmental,advisory,silent,0,0.0
prism_ar_silent_0010,13,1.3,5.258087740085374,inf,day,clear,dry,100.0,silent,environmental,advisory,silent,0,0.0
prism_ar_silent_0010,14,1.4,5.258087740085374,inf,day,clear,dry,100.0,silent,environmental,advisory,silent,0,0.0
prism_ar_silent_0010,15,1.5,5.258087740085374,inf,day,clear,dry,100.0,silent,environmental,advisory,silent,0,0.0
prism_ar_silent_0010,16,1.6,5.258087740085374,inf,day,clear,dry,100.0,silent,environmental,advisory,silent,0,0.0
prism_ar_silent_0010,17,1.7,5.258087740085374,inf,day,clear,dry,100.0,silent,environmental,advisory,silent,0,0.0
prism_ar_silent_0010,18,1.8,5.258087740085374,inf,day,clear,dry,100.0,silent,environmental,advisory,silent,0,0.0
prism_ar_silent_0010,19,1.9,5.258087740085374,inf,day,clear,dry,100.0,silent,environmental,advisory,silent,0,0.0
prism_ar_silent_0010,20,2.0,5.258087740085374,inf,day,clear,dry,100.0,silent,environmental,advisory,silent,0,0.0
prism_ar_silent_0010,21,2.1,5.258087740085374,inf,day,clear,dry,100.0,silent,environmental,advisory,silent,0,0.0
prism_ar_silent_0010,22,2.2,5.258087740085374,inf,day,clear,dry,100.0,silent,environmental,advisory,silent,0,0.0
prism_ar_silent_0010,23,2.3,5.258087740085374,inf,day,clear,dry,100.0,silent,environmental,advisory,silent,0,0.0
prism_ar_silent_0010,24,2.4,5.258087740085374,inf,day,clear,dry,100.0,silent,environmental,advisory,silent,0,0.0
prism_ar_silent_0010,25,2.5,5.258087740085374,inf,day,clear,dry,100.0,silent,environmental,advisory,silent,0,0.0
prism_ar_silent_0010,26,2.6,5.258087740085374,inf,day,clear,dry,100.0,silent,environmental,advisory,silent,0,0.0
prism_ar_silent_0010,27,2.7,5.258087740085374,inf,day,clear,dry,100.0,silent,environmental,advisory,silent,0,0.0
prism_ar_silent_0010,28,2.8,5.258087740085374,inf,day,clear,dry,100.0,silent,environmental,advisory,silent,0,0.0
prism_ar_silent_0010,29,2.9,5.258087740085374,inf,day,clear,dry,100.0,silent,environmental,advisory,silent,0,0.0
prism_ar_silent_0010,30,3.0,5.258087740085374,inf,day,clear,dry,100.0,silent,environmental,advisory,silent,0,0.0
prism_ar_silent_0010,31,3.1,5.258087740085374,inf,day,clear,dry,100.0,silent,environmental,advisory,silent,0,0.0
prism_ar_silent_0010,32,3.2,5.258087740085374,inf,day,clear,dry,100.0,silent,environmental,advisory,silent,0,0.0
prism_ar_silent_0010,33,3.3,5.258087740085374,inf,day,clear,dry,100.0,silent,environmental,advisory,silent,0,0.0
prism_ar_silent_0010,34,3.4,5.258087740085374,inf,day,clear,dry,100.0,silent,environmental,advisory,silent,0,0.0
prism_ar_silent_0010,35,3.5,5.258087740085374,inf,day,clear,dry,100.0,silent,environmental,advisory,silent,0,0.0
prism_ar_silent_0010,36,3.6,5.258087740085374,inf,day,clear,dry,100.0,silent,environmental,advisory,silent,0,0.0
prism_ar_silent_0010,37,3.7,5.258087740085374,inf,day,clear,dry,100.0,silent,environmental,advisory,silent,0,0.0
prism_ar_silent_0010,38,3.8,5.258087740085374,inf,day,clear,dry,100.0,silent,environmental,advisory,silent,0,0.0
prism_ar_silent_0010,39,3.9,5.258087740085374,inf,day,clear,dry,100.0,silent,environmental,advisory,silent,0,0.0
prism_ar_silent_0011,0,0.0,5.4706980243949035,inf,day,clear,dry,100.0,silent,environmental,advisory,silent,0,0.0
prism_ar_silent_0011,1,0.1,5.4706980243949035,inf,day,clear,dry,100.0,silent,environmental,advisory,silent,0,0.0
prism_ar_silent_0011,2,0.2,5.4706980243949035,inf,day,clear,dry,100.0,silent,environmental,advisory,silent,0,0.0
prism_ar_silent_0011,3,0.3,5.4706980243949035,inf,day,clear,dry,100.0,silent,environmental,advisory,silent,0,0.0
prism_ar_silent_0011,4,0.4,5.4706980243949035,inf,day,clear,dry,100.0,silent,environmental,advisory,silent,0,0.0
prism_ar_silent_0011,5,0.5,5.4706980243949035,inf,day,clear,dry,100.0,silent,environmental,advisory,silent,0,0.0
prism_ar_silent_0011,6,0.6,5.4706980243949035,inf,day,clear,dry,100.0,silent,environmental,advisory,silent,0,0.0
prism_ar_silent_0011,7,0.7,5.4706980243949035,inf,day,clear,dry,100.0,silent,environmental,advisory,silent,0,0.0
prism_ar_silent_0011,8,0.8,5.4706980243949035,inf,day,clear,dry,100.0,silent,environmental,advisory,silent,0,0.0
prism_ar_silent_0011,9,0.9,5.4706980243949035,inf,day,clear,dry,100.0,silent,environmental,advisory,silent,0,0.0
prism_ar_silent_0011,10,1.0,5.4706980243949035,inf,day,clear,dry,100.0,silent,environmental,advisory,silent,0,0.0
prism_ar_silent_0011,11,1.1,5.4706980243949035,inf,day,clear,dry,100.0,silent,environmental,advisory,silent,0,0.0
prism_ar_silent_0011,12,1.2,5.4706980243949035,inf,day,clear,dry,100.0,silent,environmental,advisory,silent,0,0.0
prism_ar_silent_0011,13,1.3,5.4706980243949035,inf,day,clear,dry,100.0,silent,environmental,advisory,silent,0,0.0
prism_ar_silent_0011,14,1.4,5.4706980243949035,inf,day,clear,dry,100.0,silent,environmental,advisory,silent,0,0.0
prism_ar_silent_0011,15,1.5,5.4706980243949035,inf,day,clear,dry,100.0,silent,environmental,advisory,silent,0,0.0
prism_ar_silent_0011,16,1.6,5.4706980243949035,inf,day,clear,dry,100.0,silent,environmental,advisory,silent,0,0.0
prism_ar_silent_0011,17,1.7,5.4706980243949035,inf,day,clear,dry,100.0,silent,environmental,advisory,silent,0,0.0
prism_ar_silent_0011,18,1.8,5.4706980243949035,inf,day,clear,dry,100.0,silent,environmental,advisory,silent,0,0.0
prism_ar_silent_0011,19,1.9,5.4706980243949035,inf,day,clear,dry,100.0,silent,environmental,advisory,silent,0,0.0
prism_ar_silent_0011,20,2.0,5.4706980243949035,inf,day,clear,dry,100.0,silent,environmental,advisory,silent,0,0.0
prism_ar_silent_0011,21,2.1,5.4706980243949035,inf,day,clear,dry,100.0,silent,environmental,advisory,silent,0,0.0
prism_ar_silent_0011,22,2.2,5.4706980243949035,inf,day,clear,dry,100.0,silent,environmental,advisory,silent,0,0.0
prism_ar_silent_0011,23,2.3,5.4706980243949035,inf,day,clear,dry,100.0,silent,environmental,advisory,silent,0,0.0
prism_ar_silent_0011,24,2.4,5.4706980243949035,inf,day,clear,dry,100.0,silent,environmental,advisory,silent,0,0.0
prism_ar_silent_0011,25,2.5,5.4706980243949035,inf,day,clear,dry,100.0,silent,environmental,advisory,silent,0,0.0
prism_ar_silent_0011,26,2.6,5.4706980243949035,inf,day,clear,dry,100.0,silent,environmental,advisory,silent,0,0.0
prism_ar_silent_0011,27,2.7,5.4706980243949035,inf,day,clear,dry,100.0,silent,environmental,advisory,silent,0,0.0
prism_ar_silent_0011,28,2.8,5.4706980243949035,inf,day,clear,dry,100.0,silent,environmental,advisory,silent,0,0.0
prism_ar_silent_0011,29,2.9,5.4706980243949035,inf,day,clear,dry,100.0,silent,environmental,advisory,silent,0,0.0
prism_ar_silent_0011,30,3.0,5.4706980243949035,inf,day,clear,dry,100.0,silent,environmental,advisory,silent,0,0.0
prism_ar_silent_0011,31,3.1,5.4706980243949035,inf,day,clear,dry,100.0,silent,environmental,advisory,silent,0,0.0
prism_ar_silent_0011,32,3.2,5.4706980243949035,inf,day,clear,dry,100.0,silent,environmental,advisory,silent,0,0.0
prism_ar_silent_0011,33,3.3,5.4706980243949035,inf,day,clear,dry,100.0,silent,environmental,advisory,silent,0,0.0
prism_ar_silent_0011,34,3.4,5.4706980243949035,inf,day,clear,dry,100.0,silent,environmental,advisory,silent,0,0.0
prism_ar_silent_0011,35,3.5,5.4706980243949035,inf,day,clear,dry,100.0,silent,environmental,advisory,silent,0,0.0
prism_ar_silent_0011,36,3.6,5.4706980243949035,inf,day,clear,dry,100.0,silent,environmental,advisory,silent,0,0.0
prism_ar_silent_0011,37,3.7,5.4706980243949035,inf,day,clear,dry,100.0,silent,environmental,advisory,silent,0,0.0
prism_ar_silent_0011,38,3.8,5.4706980243949035,inf,day,clear,dry,100.0,silent,environmental,advisory,silent,0,0.0
prism_ar_silent_0011,39,3.9,5.4706980243949035,inf,day,clear,dry,100.0,silent,environmental,advisory,silent,0,0.0
prism_ar_silent_0012,0,0.0,3.167030098244257,25.913248519259664,day,clear,dry,97.7042847085179,silent,trajectory,advisory,silent,0,0.0
prism_ar_silent_0012,1,0.1,3.167030098244257,25.589406107005527,day,clear,dry,97.62412449815358,silent,trajectory,advisory,silent,0,0.0
prism_ar_silent_0012,2,0.2,3.167030098244257,25.265588885668,day,clear,dry,97.54112740302371,silent,trajectory,advisory,silent,0,0.0
prism_ar_silent_0012,3,0.3,3.167030098244257,24.941797836401626,day,clear,dry,97.45518849143265,silent,trajectory,advisory,silent,0,0.0
prism_ar_silent_0012,4,0.4,3.167030098244257,24.61803399189844,day,clear,dry,97.36619843160952,silent,trajectory,advisory,silent,0,0.0
prism_ar_silent_0012,5,0.5,3.167030098244257,24.294298439811048,day,clear,dry,97.27404325146163,silent,trajectory,advisory,silent,0,0.0
prism_ar_silent_0012,6,0.6,3.167030098244257,23.970592326451673,day,clear,dry,97.17860408002016,silent,trajectory,advisory,silent,0,0.0
prism_ar_silent_0012,7,0.7,3.167030098244257,23.646916860793542,day,clear,dry,97.07975686882247,silent,trajectory,advisory,silent,0,0.0
prism_ar_silent_0012,8,0.8,3.167030098244257,23.32327331880369,day,clear,dry,96.97737209129136,silent,trajectory,advisory,silent,0,0.0
prism_ar_silent_0012,9,0.9,3.167030098244257,22.999663048139602,day,clear,dry,96.87131441796689,silent,trajectory,advisory,silent,0,0.0
prism_ar_silent_0012,10,1.0,3.167030098244257,22.67608747324583,day,clear,dry,96.76144236522126,silent,trajectory,advisory,silent,0,0.0
prism_ar_silent_0012,11,1.1,3.167030098244257,22.35254810089074,day,clear,dry,96.64760791483661,silent,trajectory,advisory,silent,0,0.0
prism_ar_silent_0012,12,1.2,3.167030098244257,22.029046526188377,day,clear,dry,96.52965610155023,silent,trajectory,advisory,silent,0,0.0
prism_ar_silent_0012,13,1.3,3.167030098244257,21.70558443915552,day,clear,dry,96.40742456536633,silent,trajectory,advisory,silent,0,0.0
prism_ar_silent_0012,14,1.4,3.167030098244257,21.382163631860273,day,clear,dry,96.28074306509681,silent,trajectory,advisory,silent,0,0.0
prism_ar_silent_0012,15,1.5,3.167030098244257,21.058786006225187,day,clear,dry,96.1494329492215,silent,trajectory,advisory,silent,0,0.0
prism_ar_silent_0012,16,1.6,3.167030098244257,20.735453582555735,day,clear,dry,96.01330657974896,silent,trajectory,advisory,silent,0,0.0
prism_ar_silent_0012,17,1.7,3.167030098244257,20.41216850887385,day,clear,dry,95.87216670430611,silent,trajectory,advisory,silent,0,0.0
prism_ar_silent_0012,18,1.8,3.167030098244257,20.088933071146386,day,clear,dry,95.72580577118877,silent,trajectory,advisory,silent,0,0.0
prism_ar_silent_0012,19,1.9,3.167030098244257,19.765749704509986,day,clear,dry,95.5740051815566,silent,trajectory,advisory,silent,0,0.0
prism_ar_silent_0012,20,2.0,3.167030098244257,19.44262100560709,day,clear,dry,95.41653447235572,silent,trajectory,advisory,silent,0,0.0
prism_ar_silent_0012,21,2.1,3.167030098244257,19.119549746163262,day,clear,dry,95.2531504228918,silent,trajectory,advisory,silent,0,0.0
prism_ar_silent_0012,22,2.2,3.167030098244257,18.796538887953524,day,clear,dry,95.08359607725352,silent,trajectory,advisory,silent,0,0.0
prism_ar_silent_0012,23,2.3,3.167030098244257,18.473591599325953,day,clear,dry,94.90759967399526,silent,trajectory,advisory,silent,0,0.0
prism_ar_silent_0012,24,2.4,3.167030098244257,18.150711273474208,day,clear,dry,94.72487347362458,silent,trajectory,advisory,silent,0,0.0
prism_ar_silent_0012,25,2.5,3.167030098244257,17.82790154867816,day,clear,dry,94.53511247349861,silent,trajectory,advisory,silent,0,0.0
prism_ar_silent_0012,26,2.6,3.167030098244257,17.505166330763565,day,clear,dry,94.33799299871193,silent,trajectory,advisory,silent,0,0.0
prism_ar_silent_0012,27,2.7,3.167030098244257,17.18250981806894,day,clear,dry,94.13317115645097,silent,trajectory,advisory,silent,0,0.0
prism_ar_silent_0012,28,2.8,3.167030098244257,16.85993652925101,day,clear,dry,93.92028114009523,silent,trajectory,advisory,silent,0,0.0
prism_ar_silent_0012,29,2.9,3.167030098244257,16.53745133431115,day,clear,dry,93.69893336806155,silent,trajectory,advisory,silent,0,0.0
prism_ar_silent_0012,30,3.0,3.167030098244257,16.21505948928485,day,clear,dry,93.4687124410156,silent,trajectory,advisory,silent,0,0.0
prism_ar_silent_0012,31,3.1,3.167030098244257,15.892766675106751,day,clear,dry,93.22917489961746,silent,trajectory,advisory,silent,0,0.0
prism_ar_silent_0012,32,3.2,3.167030098244257,15.570579041247008,day,clear,dry,92.97984676343293,silent,trajectory,advisory,silent,0,0.0
prism_ar_silent_0012,33,3.3,3.167030098244257,15.248503254813485,day,clear,dry,92.72022083004174,silent,trajectory,advisory,silent,0,0.0
prism_ar_silent_0012,34,3.4,3.167030098244257,14.926546555931626,day,clear,dry,92.44975371172629,silent,trajectory,advisory,silent,0,0.0
prism_ar_silent_0012,35,3.5,3.167030098244257,14.604716820354,day,clear,dry,92.16786258545918,silent,trajectory,advisory,silent,0,0.0
prism_ar_silent_0012,36,3.6,3.167030098244257,14.283022630419227,day,clear,dry,91.87392163026391,silent,trajectory,advisory,silent,0,0.0
prism_ar_silent_0012,37,3.7,3.167030098244257,13.961473355681498,day,clear,dry,91.56725812445868,silent,trajectory,advisory,silent,0,0.0
prism_ar_silent_0012,38,3.8,3.167030098244257,13.640079244774974,day,clear,dry,91.2471481738833,silent,trajectory,advisory,silent,0,0.0
prism_ar_silent_0012,39,3.9,3.167030098244257,13.318851530371438,day,clear,dry,90.9128120410646,silent,trajectory,advisory,silent,0,0.0
prism_ar_silent_0013,0,0.0,2.9800326022362205,24.265514953893465,day,clear,dry,97.66876842938063,silent,trajectory,advisory,silent,0,0.0
prism_ar_silent_0013,1,0.1,2.9800326022362205,23.96092376377067,day,clear,dry,97.58708747801302,silent,trajectory,advisory,silent,0,0.0
prism_ar_silent_0013,2,0.2,2.9800326022362205,23.656359741304197,day,clear,dry,97.50248859795866,silent,trajectory,advisory,silent,0,0.0
prism_ar_silent_0013,3,0.3,2.9800326022362205,23.351823949489074,day,clear,dry,97.41486140738857,silent,trajectory,advisory,silent,0,0.0
prism_ar_silent_0013,4,0.4,2.9800326022362205,23.04731750740268,day,clear,dry,97.32409070267536,silent,trajectory,advisory,silent,0,0.0
prism_ar_silent_0013,5,0.5,2.9800326022362205,22.742841593945425,day,clear,dry,97.2300561846431,silent,trajectory,advisory,silent,0,0.0
prism_ar_silent_0013,6,0.6,2.9800326022362205,22.438397451884207,day,clear,dry,97.13263216404209,silent,trajectory,advisory,silent,0,0.0
prism_ar_silent_0013,7,0.7,2.9800326022362205,22.13398639222764,day,clear,dry,97.03168724435206,silent,trajectory,advisory,silent,0,0.0
prism_ar_silent_0013,8,0.8,2.9800326022362205,21.829609798965222,day,clear,dry,96.92708397983252,silent,trajectory,advisory,silent,0,0.0
prism_ar_silent_0013,9,0.9,2.9800326022362205,21.525269134206056,day,clear,dry,96.81867850653482,silent,trajectory,advisory,silent,0,0.0
prism_ar_silent_0013,10,1.0,2.9800326022362205,21.220965943757008,day,clear,dry,96.7063201437681,silent,trajectory,advisory,silent,0,0.0
prism_ar_silent_0013,11,1.1,2.9800326022362205,20.91670186318462,day,clear,dry,96.58985096326643,silent,trajectory,advisory,silent,0,0.0
prism_ar_silent_0013,12,1.2,2.9800326022362205,20.612478624410322,day,clear,dry,96.46910532303657,silent,trajectory,advisory,silent,0,0.0
prism_ar_silent_0013,13,1.3,2.9800326022362205,20.308298062894373,day,clear,dry,96.34390936257267,silent,trajectory,advisory,silent,0,0.0
prism_ar_silent_0013,14,1.4,2.9800326022362205,20.00416212547058,day,clear,dry,96.21408045580307,silent,trajectory,advisory,silent,0,0.0
prism_ar_silent_0013,15,1.5,2.9800326022362205,19.700072878901466,day,clear,dry,96.07942661778432,silent,trajectory,advisory,silent,0,0.0
prism_ar_silent_0013,16,1.6,2.9800326022362205,19.396032519232175,day,clear,dry,95.93974586077434,silent,trajectory,advisory,silent,0,0.0
prism_ar_silent_0013,17,1.7,2.9800326022362205,19.092043382031175,day,clear,dry,95.7948254948996,silent,trajectory,advisory,silent,0,0.0
prism_ar_silent_0013,18,1.8,2.9800326022362205,18.788107953617207,day,clear,dry,95.64444136817683,silent,trajectory,advisory,silent,0,0.0
prism_ar_silent_0013,19,1.9,2.9800326022362205,18.4842288833847,day,clear,dry,95.48835704015576,silent,trajectory,advisory,silent,0,0.0
prism_ar_silent_0013,20,2.0,2.9800326022362205,18.18040899735475,day,clear,dry,95.326322882913,silent,trajectory,advisory,silent,0,0.0
prism_ar_silent_0013,21,2.1,2.9800326022362205,17.876651313095728,day,clear,dry,95.15807510254727,silent,trajectory,advisory,silent,0,0.0
prism_ar_silent_0013,22,2.2,2.9800326022362205,17.572959056177258,day,clear,dry,94.98333467369795,silent,trajectory,advisory,silent,0,0.0
prism_ar_silent_0013,23,2.3,2.9800326022362205,17.269335678343936,day,clear,dry,94.80180617893417,silent,trajectory,advisory,silent,0,0.0
prism_ar_silent_0013,24,2.4,2.9800326022362205,16.96578487762145,day,clear,dry,94.61317654413479,silent,trajectory,advisory,silent,0,0.0
prism_ar_silent_0013,25,2.5,2.9800326022362205,16.662310620598205,day,clear,dry,94.41711366020427,silent,trajectory,advisory,silent,0,0.0
prism_ar_silent_0013,26,2.6,2.9800326022362205,16.358917167161042,day,clear,dry,94.21326488064211,silent,trajectory,advisory,silent,0,0.0
prism_ar_silent_0013,27,2.7,2.9800326022362205,16.05560909800491,day,clear,dry,94.00125538360872,silent,trajectory,advisory,silent,0,0.0
prism_ar_silent_0013,28,2.8,2.9800326022362205,15.752391345284858,day,clear,dry,93.78068638621014,silent,trajectory,advisory,silent,0,0.0
prism_ar_silent_0013,29,2.9,2.9800326022362205,15.449269226835224,day,clear,dry,93.55113319776437,silent,trajectory,advisory,silent,0,0.0
prism_ar_silent_0013,30,3.0,2.9800326022362205,15.146248484447751,day,clear,dry,93.31214309782312,silent,trajectory,advisory,silent,0,0.0
prism_ar_silent_0013,31,3.1,2.9800326022362205,14.843335326778785,day,clear,dry,93.06323302371565,silent,trajectory,advisory,silent,0,0.0
prism_ar_silent_0013,32,3.2,2.9800326022362205,14.540536477548814,day,clear,dry,92.8038870513781,silent,trajectory,advisory,silent,0,0.0
prism_ar_silent_0013,33,3.3,2.9800326022362205,14.237859229807746,day,clear,dry,92.53355365225528,silent,trajectory,advisory,silent,0,0.0
prism_ar_silent_0013,34,3.4,2.9800326022362205,13.935311507170587,day,clear,dry,92.25164270815,silent,trajectory,advisory,silent,0,0.0
prism_ar_silent_0013,35,3.5,2.9800326022362205,13.632901933084742,day,clear,dry,91.95752226509384,silent,trajectory,advisory,silent,0,0.0
prism_ar_silent_0013,36,3.6,2.9800326022362205,13.330639909377785,day,clear,dry,91.6505150066872,silent,trajectory,advisory,silent,0,0.0
prism_ar_silent_0013,37,3.7,2.9800326022362205,13.028535705559975,day,clear,dry,91.32989442698894,silent,trajectory,advisory,silent,0,0.0
prism_ar_silent_0013,38,3.8,2.9800326022362205,12.726600560627805,day,clear,dry,90.99488068303867,silent,trajectory,advisory,silent,0,0.0
prism_ar_silent_0013,39,3.9,2.9800326022362205,12.424846799444172,day,clear,dry,90.64463610761213,silent,trajectory,advisory,silent,0,0.0
