scene_id,under_warning_rate,over_warning_rate,adaptive_under_warning_rate,adaptive_over_warning_rate,static_under_warning_rate,static_over_warning_rate,gt_tier_distribution,adaptive_tier_accuracy,static_tier_accuracy,adaptive_intervention_recall,static_intervention_recall,adaptive_emergency_recall,static_emergency_recall,cue_risk_monotonicity,shap_alignment,warning_lead_time_s,min_distance_m,cue_flicker_hz,visual_clutter,mean_score,tier_distribution,dataset,frames,duration_s,num_vrus,lighting,weather,location,env_risk,trajectory_risk,vru_risk,mean_ttc
e9df548a3ee566c7_1981_clip000,0.0,0.0,0.0,0.0,0.0,0.0,"{'intervention': 15, 'advisory': 41}",0.5892857142857143,0.7321428571428571,0.0,0.0,0.0,0.0,-0.6061881843392659,0.0,0.0,3.760047674179077,0.7272727272727273,0.3,55.75398335833165,"{'advisory': 48, 'silent': 8}",waymo,56,5.5,5,day,clear,waymo,0.4461533597185227,0.6560177907074606,0.22397828439012096,12.547982215881348
83d8b54e36003b1c_1459_clip000,0.0,0.0,0.0,0.0,0.0,0.0,{'silent': 61},1.0,0.0,0.0,0.0,0.0,0.0,0.0,0.0,0.0,17.652706146240234,0.0,0.0,81.83979353091648,{'silent': 61},waymo,61,6.0,4,day,clear,waymo,0.4461533597185226,0.0005274993409620221,0.009941570003790897,1847.2449951171875
83d8b54e36003b1c_1451_clip000,0.0,0.0,0.0,0.0,0.0,0.0,{'silent': 60},1.0,0.0,0.0,0.0,0.0,0.0,0.0,0.0,0.0,17.652706146240234,0.0,0.0,81.83866715615704,{'silent': 60},waymo,60,5.9,4,day,clear,waymo,0.4461533597185225,0.0005362909964740885,0.00997032417359414,1846.021484375
83d8b54e36003b1c_1452_clip000,0.0,0.0,0.0,0.0,0.0,0.0,"{'advisory': 3, 'silent': 49}",0.9423076923076923,0.057692307692307696,0.0,0.0,0.0,0.0,0.0,0.0,0.0,18.14910888671875,0.0,0.0,81.23385671763783,{'silent': 52},waymo,52,5.1,4,day,clear,waymo,0.4461533597185226,0.02164976219005204,0.00901720093065726,1884.660400390625
b9e482dcb539d3c0_2165_clip000,0.0,0.0,0.0,0.0,0.0,0.0,"{'intervention': 1, 'advisory': 4, 'silent': 46}",0.9803921568627451,0.0784313725490196,0.0,0.0,0.0,0.0,-0.5151549430847144,0.0,0.0,6.240941047668457,1.2,0.03431372549019608,73.983806044319,"{'advisory': 5, 'silent': 46}",waymo,51,5.0,17,day,clear,waymo,0.4553778079978576,0.07527901594291082,0.18475703858264556,678.6878662109375
50dc97736fe84d0c_127_clip000,0.0,0.0,0.0,0.0,0.0,0.0,"{'advisory': 37, 'silent': 38}",0.8533333333333334,0.49333333333333335,0.0,0.0,0.0,0.0,-0.8567363392840219,0.0,0.0,5.722689628601074,0.5405405405405405,0.14933333333333332,69.56466926343617,"{'advisory': 32, 'silent': 43}",waymo,75,7.4,6,day,clear,waymo,0.4666227184390223,0.27448644253164695,0.11786095743511747,1.5056818723678589
85854001f041a3e7_1639_clip000,0.0,0.0,0.0,0.0,1.0,0.0,"{'intervention': 15, 'advisory': 30, 'silent': 28, 'emergency': 2}",0.6533333333333333,0.4,0.06666666666666667,0.0,0.0,0.0,-0.8637804367770482,1.0,2.5,3.178439140319824,1.081081081081081,0.23133333333333336,62.054787853085244,"{'intervention': 3, 'advisory': 44, 'silent': 28}",waymo,75,7.4,8,day,clear,waymo,0.4553778079978575,0.4814276161758325,0.17624237805751578,49.96699905395508
85854001f041a3e7_1640_clip000,0.0,0.0,0.0,0.0,0.0,0.0,"{'advisory': 11, 'silent': 44}",0.7090909090909091,0.2,0.0,0.0,0.0,0.0,-0.8625819491779428,0.0,0.0,5.772197723388672,2.5925925925925926,0.15909090909090906,70.2163122058632,"{'advisory': 25, 'silent': 30}",waymo,55,5.4,8,day,clear,waymo,0.4553778079978576,0.20168258300856298,0.18393659946551996,200.88356018066406
85854001f041a3e7_1666_clip000,0.0,0.0,0.0,0.0,1.0,0.0,"{'intervention': 15, 'advisory': 17, 'silent': 44, 'emergency': 2}",0.5897435897435898,0.21794871794871795,0.06666666666666667,0.0,0.0,0.0,-0.8666877099570666,0.0,1.2000000000000002,3.178439140319824,2.0779220779220777,0.226923076923077,62.876019653161364,"{'intervention': 3, 'advisory': 45, 'silent': 30}",waymo,78,7.7,8,day,clear,waymo,0.4553778079978575,0.4199636090049401,0.21033199189253735,141.94354248046875
6096f098e044da4a_3833_clip000,0.0,0.0,0.0,0.0,1.0,0.0,"{'intervention': 14, 'advisory': 55, 'silent': 22}",0.9120879120879121,0.6043956043956044,1.0,0.0,0.0,0.0,-0.8945874299652814,1.0,4.8999999999999995,2.4477639198303223,0.8888888888888888,0.31043956043956045,58.72202321185181,"{'intervention': 16, 'advisory': 51, 'silent': 24}",waymo,91,9.0,6,day,clear,waymo,0.4666227184390222,0.4806395565476658,0.27312937847191066,1.936591625213623
6096f098e044da4a_3834_clip000,0.0,0.0,0.0,0.0,1.0,0.0,"{'intervention': 14, 'advisory': 55, 'silent': 21}",0.9111111111111111,0.6111111111111112,1.0,0.0,0.0,0.0,-0.8920911642118463,1.0,4.8999999999999995,2.4477639198303223,0.898876404494382,0.3138888888888889,58.5258980499498,"{'intervention': 16, 'advisory': 51, 'silent': 23}",waymo,90,8.9,6,day,clear,waymo,0.4666227184390222,0.48446971604267586,0.2758367243736345,1.9140126705169678
6096f098e044da4a_3832_clip000,0.0,0.0,0.0,0.0,1.0,0.0,"{'intervention': 14, 'advisory': 55, 'silent': 9}",0.8974358974358975,0.7051282051282052,1.0,0.0,0.0,0.0,-0.8421113987387804,1.0,4.8999999999999995,2.4477639198303223,1.0389610389610389,0.36217948717948717,56.131353773535416,"{'intervention': 16, 'advisory': 51, 'silent': 11}",waymo,78,7.7,6,day,clear,waymo,0.4666227184390223,0.5300902230412,0.3100343599222562,1.6874728202819824
ed113a1f9f720267_201_clip000,0.0,0.0,0.0,0.0,1.0,0.0,"{'intervention': 23, 'advisory': 36, 'silent': 28}",0.9080459770114943,0.41379310344827586,0.782608695652174,0.0,0.0,0.0,-0.9258011150598808,0.0,4.1,1.7818090915679932,1.2790697674418605,0.29540229885057484,57.42219879042011,"{'intervention': 18, 'advisory': 40, 'silent': 29}",waymo,87,8.6,21,day,clear,waymo,0.4553778079978576,0.4028124998655004,0.4092771297900193,755.794189453125
ed113a1f9f720267_207_clip000,0.0,0.0,0.0,0.0,1.0,0.0,"{'intervention': 23, 'advisory': 36, 'silent': 25}",0.9047619047619048,0.42857142857142855,0.782608695652174,0.0,0.0,0.0,-0.9234359210928065,0.0,4.1000000000000005,1.7818090915679932,1.325301204819277,0.30595238095238103,56.579269025657744,"{'intervention': 18, 'advisory': 40, 'silent': 26}",waymo,84,8.3,21,day,clear,waymo,0.4553778079978575,0.41639171377977796,0.42379557470115403,698.5877685546875
2dfc9b44472687e5_3673_clip000,0.0,0.0,0.0,0.0,0.0,0.0,{'silent': 91},1.0,0.0,0.0,0.0,0.0,0.0,0.0,0.0,0.0,5.343916893005371,0.0,0.0,74.39603633982365,{'silent': 91},waymo,91,9.0,1,day,clear,waymo,0.43792338783161533,0.01146197575326701,0.25810562914379076,541.8301391601562
b6e95acbf4cfb49f_106_clip000,0.0,0.0,0.0,0.0,0.0,0.0,"{'advisory': 22, 'silent': 46}",0.5735294117647058,0.3235294117647059,0.0,0.0,0.0,0.0,-0.8352238991511037,0.0,0.0,4.350841999053955,3.432835820895523,0.12867647058823528,70.88616702652466,"{'advisory': 25, 'silent': 43}",waymo,68,6.699999999999999,7,day,clear,waymo,0.4666227184390222,0.1465338029160022,0.20176367161447925,5.171422004699707
b6e95acbf4cfb49f_86_clip000,0.0,0.0,0.0,0.0,0.0,0.0,"{'advisory': 22, 'silent': 29}",0.43137254901960786,0.43137254901960786,0.0,0.0,0.0,0.0,-0.8660254037844386,0.0,0.0,4.350841999053955,4.6,0.1715686274509804,69.89532120284953,"{'advisory': 25, 'silent': 26}",waymo,51,5.0,7,day,clear,waymo,0.4666227184390223,0.1282740802883506,0.2530515883646355,5.814043045043945
b6e95acbf4cfb49f_87_clip000,0.0,0.0,0.0,0.0,0.0,0.0,"{'advisory': 22, 'silent': 56}",0.6282051282051282,0.28205128205128205,0.0,0.0,0.0,0.0,-0.8083690144896982,0.0,0.0,4.350841999053955,2.987012987012987,0.11217948717948716,71.54995736978242,"{'advisory': 25, 'silent': 53}",waymo,78,7.7,7,day,clear,waymo,0.4666227184390223,0.1489329531250996,0.17723817663012292,4.9671549797058105
23e64af0cc14a40a_2145_clip000,0.0,0.0,0.0,0.0,0.0,0.0,"{'advisory': 26, 'silent': 38}",0.953125,0.40625,0.0,0.0,0.0,0.0,-0.8554929174856633,0.0,0.0,4.6272406578063965,0.7936507936507936,0.14765625,71.41767795020067,"{'advisory': 27, 'silent': 37}",waymo,64,6.300000000000001,67,day,clear,waymo,0.4553778079978576,0.09185775600557528,0.2537159016572584,519.8698120117188
23e64af0cc14a40a_2148_clip000,0.0,0.0,0.0,0.0,0.0,0.0,"{'advisory': 26, 'silent': 24}",0.94,0.52,0.0,0.0,0.0,0.0,-0.8634223759433802,0.0,0.0,4.6272406578063965,1.0204081632653061,0.18899999999999997,70.22494203317247,"{'advisory': 27, 'silent': 23}",waymo,50,4.9,67,day,clear,waymo,0.4553778079978576,0.10993358979769606,0.27539793176607763,519.97509765625
f73a9362b09347f6_65_clip000,0.0,0.0,0.0,0.0,1.0,0.0,"{'intervention': 16, 'advisory': 29, 'silent': 42, 'emergency': 2}",0.8651685393258427,0.3258426966292135,0.625,0.0,0.0,0.0,-0.9040586802737294,0.0,5.4,2.2822113037109375,0.9090909090909091,0.20955056179775283,63.5752525515755,"{'intervention': 12, 'advisory': 31, 'silent': 46}",waymo,89,8.8,3,day,clear,waymo,0.4665456582408972,0.4183847317492214,0.17371263887706545,472.37109375
16adef60bcaf35af_2492_clip000,0.0,0.0,0.0,0.0,0.0,0.0,"{'intervention': 3, 'advisory': 13, 'silent': 35}",0.9215686274509803,0.2549019607843137,0.0,0.0,0.0,0.0,-0.8166535844059444,0.0,0.0,4.396216869354248,0.6,0.11666666666666664,70.41367145148135,"{'advisory': 17, 'silent': 34}",waymo,51,5.0,18,day,clear,waymo,0.4553778079978575,0.20688702172515222,0.1721535192283256,438.35650634765625
16adef60bcaf35af_2519_clip000,0.0,0.0,0.0,0.0,0.0,0.0,"{'advisory': 9, 'silent': 46}",0.9636363636363636,0.16363636363636364,0.0,0.0,0.0,0.0,-0.6929348671835833,0.0,0.0,7.354705333709717,0.5555555555555555,0.06999999999999999,73.90428370334183,"{'advisory': 11, 'silent': 44}",waymo,55,5.4,18,day,clear,waymo,0.4553778079978575,0.12753661619282206,0.13515018303197365,802.9083251953125
16adef60bcaf35af_2494_clip000,0.0,0.0,0.0,0.0,0.0,0.0,"{'intervention': 3, 'advisory': 13, 'silent': 46}",0.9354838709677419,0.20967741935483872,0.0,0.0,0.0,0.0,-0.7727804963573753,0.0,0.0,4.396216869354248,0.49180327868852464,0.09596774193548382,71.37366278656707,"{'advisory': 17, 'silent': 45}",waymo,62,6.1,18,day,clear,waymo,0.4553778079978576,0.18253046520031488,0.1645103645836398,505.9002685546875
100d033b60683a9f_3659_clip000,0.0,0.0,0.0,0.0,0.0,0.0,{'silent': 78},1.0,0.0,0.0,0.0,0.0,0.0,0.0,0.0,0.0,13.590700149536133,0.0,0.0,77.2985654797264,{'silent': 78},waymo,78,7.7,8,day,clear,waymo,0.4553778079978575,0.12698852317007164,0.022555550175238,4.67855978012085
0015197d-b916-43b6-bcaa-8a7d90d7b87d_26944_clip000,0.0,0.0,0.0,0.0,0.0,0.0,"{'intervention': 16, 'advisory': 47, 'silent': 1}",0.65625,0.734375,0.0,0.0,0.0,0.0,-0.5406548735632486,0.0,0.0,5.246325143903048,0.6349206349206349,0.31171875000000004,59.00413572470575,"{'advisory': 57, 'silent': 7}",argoverse,64,6.300000000000001,20,day,clear,pittsburgh,0.4553778079978575,0.6283523008074451,0.13100609770521987,1.4607236674759136
0015197d-b916-43b6-bcaa-8a7d90d7b87d_26953_clip000,0.0,0.0,0.0,0.0,0.0,0.0,"{'intervention': 16, 'advisory': 77, 'silent': 1}",0.6808510638297872,0.8191489361702128,0.0,0.0,0.0,0.0,-0.6343318611081883,0.0,0.0,5.246325143903048,0.7526881720430108,0.29414893617021287,60.725024806375565,"{'advisory': 79, 'silent': 15}",argoverse,94,9.3,20,day,clear,pittsburgh,0.4553778079978576,0.5720079713219565,0.12998745780171406,1.525989473534684
0015197d-b916-43b6-bcaa-8a7d90d7b87d_26955_clip000,0.0,0.0,0.0,0.0,0.0,0.0,"{'intervention': 13, 'advisory': 48, 'silent': 11}",0.625,0.6666666666666666,0.0,0.0,0.0,0.0,-0.8246866347489057,0.0,0.0,5.246325143903048,1.267605633802817,0.22847222222222227,63.00177978165506,"{'advisory': 47, 'silent': 25}",argoverse,72,7.1,20,day,clear,pittsburgh,0.4553778079978575,0.49940025396189747,0.12670334265245747,1.8957942157976915
0015197d-b916-43b6-bcaa-8a7d90d7b87d_26957_clip000,0.0,0.0,0.0,0.0,0.0,0.0,"{'intervention': 16, 'advisory': 70, 'silent': 1}",0.6551724137931034,0.8045977011494253,0.0,0.0,0.0,0.0,-0.6543075677650932,0.0,0.0,5.246325143903048,0.8139534883720929,0.28965517241379324,60.81554492396043,"{'advisory': 72, 'silent': 15}",argoverse,87,8.600000000000001,20,day,clear,pittsburgh,0.4553778079978575,0.5733386954739799,0.12563939639686242,1.5374423898989973
0015197d-b916-43b6-bcaa-8a7d90d7b87d_26966_clip000,0.0,0.0,0.0,0.0,0.0,0.0,"{'intervention': 16, 'advisory': 45}",0.6721311475409836,0.7377049180327869,0.0,0.0,0.0,0.0,-0.42880178141180275,0.0,0.0,5.246325143903048,0.6666666666666666,0.32704918032786895,58.34540727467132,"{'advisory': 57, 'silent': 4}",argoverse,61,6.0,20,day,clear,pittsburgh,0.4553778079978575,0.6451243231797266,0.13619169033408612,1.408462259779395
0015197d-b916-43b6-bcaa-8a7d90d7b87d_27022_clip000,0.0,0.0,0.0,0.0,0.0,0.0,"{'intervention': 16, 'advisory': 47, 'silent': 1}",0.65625,0.734375,0.0,0.0,0.0,0.0,-0.5406548735632486,0.0,0.0,5.246325143903048,0.6349206349206349,0.31171875000000004,59.00413572470575,"{'advisory': 57, 'silent': 7}",argoverse,64,6.300000000000001,20,day,clear,pittsburgh,0.4553778079978575,0.6283523008074451,0.13100609770521987,1.4607236674759136
001749f1-bc1c-47fb-a13f-9ab1f2c050a8_7637_clip000,0.0,0.0,0.0,0.0,0.0,0.0,"{'advisory': 20, 'silent': 31}",0.6274509803921569,0.39215686274509803,0.0,0.0,0.0,0.0,-0.24019223070763068,0.0,0.0,13.0779597103601,0.4,0.006862745098039216,72.93675339787745,"{'advisory': 1, 'silent': 50}",argoverse,51,5.0,8,day,clear,pittsburgh,0.4553778079978576,0.26573653078248266,0.02920127862445888,2.450864473711785
001749f1-bc1c-47fb-a13f-9ab1f2c050a8_7719_clip000,0.0,0.0,0.0,0.0,0.0,0.0,"{'advisory': 23, 'silent': 31}",0.5925925925925926,0.42592592592592593,0.0,0.0,0.0,0.0,-0.23354968324845687,0.0,0.0,13.0779597103601,0.37735849056603776,0.006481481481481481,72.842542776832,"{'advisory': 1, 'silent': 53}",argoverse,54,5.3,8,day,clear,pittsburgh,0.4553778079978575,0.2691196941149072,0.028958469326882792,2.439055782337125
001749f1-bc1c-47fb-a13f-9ab1f2c050a8_7791_clip000,0.0,0.0,0.0,0.0,0.0,0.0,"{'advisory': 27, 'silent': 66}",0.7204301075268817,0.2903225806451613,0.0,0.0,0.0,0.0,-0.17864740025262407,0.0,0.0,13.0779597103601,0.2173913043478261,0.0037634408602150535,74.29116596281156,"{'advisory': 1, 'silent': 92}",argoverse,93,9.2,8,day,clear,pittsburgh,0.4553778079978575,0.2307669370637009,0.019023786845436895,2.9611099256726883
001749f1-bc1c-47fb-a13f-9ab1f2c050a8_7834_clip000,0.0,0.0,0.0,0.0,0.0,0.0,"{'advisory': 27, 'silent': 39}",0.6060606060606061,0.4090909090909091,0.0,0.0,0.0,0.0,-0.21160368475757946,0.0,0.0,13.0779597103601,0.3076923076923077,0.0053030303030303025,72.91726906403416,"{'advisory': 1, 'silent': 65}",argoverse,66,6.5,8,day,clear,pittsburgh,0.4553778079978575,0.2694777290806787,0.026109558121039107,2.471713324436006
001d7c9e-4f80-4d1d-9ad9-5b6432c4fb36_7174_clip000,0.0,0.0,0.0,0.0,0.0,0.0,"{'intervention': 20, 'advisory': 44}",0.359375,0.6875,0.0,0.0,0.0,0.0,-0.8133501469468493,0.0,0.0,5.948764733383713,0.47619047619047616,0.23515625,61.89078955046504,"{'advisory': 43, 'silent': 21}",argoverse,64,6.300000000000001,12,day,clear,miami,0.4553778079978576,0.6030828626031141,0.06005374171757451,1.373797198004758
001e7a56-f046-4f05-bd8f-ddf320079eae_128636_clip000,0.0,0.0,0.0,0.0,0.0,0.0,{'silent': 50},1.0,0.0,0.0,0.0,0.0,0.0,0.0,0.0,0.0,7.46465415725576,0.0,0.0,77.0881355626708,{'silent': 50},argoverse,50,4.9,24,day,clear,austin,0.4553778079978576,0.003045731664989117,0.15351267224884071,749.5936877241329
001e7a56-f046-4f05-bd8f-ddf320079eae_128706_clip000,0.0,0.0,0.0,0.0,0.0,0.0,{'silent': 76},1.0,0.0,0.0,0.0,0.0,0.0,0.0,0.0,0.0,7.504280071130132,0.0,0.0,77.21061345642076,{'silent': 76},argoverse,76,7.5,24,day,clear,austin,0.4553778079978575,0.00011509726109841222,0.1523607101943993,752.6042016119656
00230ccd-4922-4f8c-b67f-ba70d0db22d3_80443_clip000,0.0,0.0,0.0,0.0,0.0,0.0,"{'advisory': 75, 'silent': 22}",0.6804123711340206,0.7731958762886598,0.0,0.0,0.0,0.0,-0.862335461974974,0.0,0.0,10.309420059594347,0.7291666666666667,0.15876288659793814,69.1872288934757,"{'advisory': 44, 'silent': 53}",argoverse,97,9.6,6,day,clear,dearborn,0.4666227184390222,0.3725278436615736,0.03240090197054041,2.105208854097889
00230ccd-4922-4f8c-b67f-ba70d0db22d3_80484_clip000,0.0,0.0,0.0,0.0,0.0,0.0,"{'advisory': 75, 'silent': 19}",0.6702127659574468,0.7978723404255319,0.0,0.0,0.0,0.0,-0.8643083144797218,0.0,0.0,10.309420059594347,0.7526881720430108,0.16382978723404257,68.9309127286903,"{'advisory': 44, 'silent': 50}",argoverse,94,9.3,6,day,clear,dearborn,0.4666227184390222,0.38003849351762287,0.03343412427400461,2.038745804267268
002ba35d-be70-4ce4-b15a-01a28e0ae801_124980_clip000,0.0,0.0,0.0,0.0,0.0,0.0,"{'intervention': 15, 'advisory': 25, 'silent': 35}",0.68,0.3333333333333333,0.0,0.0,0.0,0.0,-0.852992389807612,0.0,0.0,4.417922314372978,0.5405405405405405,0.14466666666666667,65.80964596881049,"{'advisory': 31, 'silent': 44}",argoverse,75,7.4,17,day,clear,austin,0.4553778079978575,0.43762078540555127,0.09488727163695611,3.245923342849679
002ba35d-be70-4ce4-b15a-01a28e0ae801_124999_clip000,0.0,0.0,0.0,0.0,0.0,0.0,"{'intervention': 15, 'advisory': 25, 'silent': 60}",0.76,0.25,0.0,0.0,0.0,0.0,-0.8011018514631217,0.0,0.0,4.417922314372978,0.40404040404040403,0.1085,69.73892528417142,"{'advisory': 31, 'silent': 69}",argoverse,100,9.9,17,day,clear,austin,0.4553778079978576,0.3283325846660251,0.07319949519778443,5.810789728089309
002ba35d-be70-4ce4-b15a-01a28e0ae801_125007_clip000,0.0,0.0,0.0,0.0,0.0,0.0,"{'intervention': 9, 'advisory': 14, 'silent': 63}",0.813953488372093,0.16279069767441862,0.0,0.0,0.0,0.0,-0.674063094054803,0.0,0.0,4.417922314372978,0.11764705882352941,0.06511627906976741,73.00835275095139,"{'advisory': 16, 'silent': 70}",argoverse,86,8.5,17,day,clear,austin,0.4553778079978576,0.24463006416592806,0.0479211001385488,7.275608367476931
002ba35d-be70-4ce4-b15a-01a28e0ae801_125055_clip000,0.0,0.0,0.0,0.0,0.0,0.0,"{'intervention': 15, 'advisory': 25, 'silent': 60}",0.76,0.25,0.0,0.0,0.0,0.0,-0.8011018514631217,0.0,0.0,4.417922314372978,0.40404040404040403,0.10849999999999999,69.83185740363545,"{'advisory': 31, 'silent': 69}",argoverse,100,9.9,17,day,clear,austin,0.4553778079978575,0.3257014602865319,0.07273288226180925,5.954176059074532
003363ad-fa78-45f9-a8d7-716f4ea6d586_28550_clip000,0.0,0.0,0.0,0.0,0.0,0.0,"{'intervention': 12, 'advisory': 44, 'silent': 37, 'emergency': 7}",0.54,0.44,0.0,0.0,0.0,0.0,-0.831425959970394,0.0,0.0,3.808646403469341,0.30303030303030304,0.12599999999999997,66.89785503904908,"{'advisory': 36, 'silent': 64}",argoverse,100,9.9,3,day,clear,pittsburgh,0.4665456582408972,0.43997676115782286,0.041367193219345004,2.466641909689803
003a8853-461a-4fa4-9a04-be07aae9b70c_128459_clip000,0.0,0.0,0.0,0.0,0.0,0.0,{'silent': 82},1.0,0.0,0.0,0.0,0.0,0.0,0.0,0.0,0.0,15.13046621791784,0.0,0.0,81.79339053389202,{'silent': 82},argoverse,82,8.1,1,day,clear,palo-alto,0.43792338783161533,0.0018095801381482776,0.02117955162329663,1545.1647639038697
00404e6d-ff66-460e-8f22-bc61fc9f7f9d_93148_clip000,0.0,0.0,0.0,0.0,0.0,0.0,"{'intervention': 15, 'advisory': 37, 'silent': 23, 'emergency': 7}",0.4146341463414634,0.45121951219512196,0.0,0.0,0.0,0.0,-0.8494426868125855,0.0,0.0,3.825459400950778,0.24691358024691354,0.14085365853658535,65.50734579839093,"{'advisory': 33, 'silent': 49}",argoverse,82,8.100000000000001,5,day,clear,washington-dc,0.4461533597185226,0.4935004714512885,0.06138352231098404,2.3868891190341954
00422cc5-b120-49db-982f-fc0c1e1eaf8d_29351_clip000,0.0,0.0,0.0,0.0,0.0,0.0,"{'intervention': 14, 'advisory': 30, 'silent': 25}",0.6231884057971014,0.43478260869565216,0.0,0.0,0.0,0.0,-0.8638393874991799,0.0,0.0,9.750358530323307,0.29411764705882354,0.16231884057971013,67.04956753602272,"{'advisory': 32, 'silent': 37}",argoverse,69,6.8,5,day,clear,austin,0.4461533597185226,0.47789493523428855,0.025581667273590847,2.429908512037124
00422cc5-b120-49db-982f-fc0c1e1eaf8d_29382_clip000,0.0,0.0,0.0,0.0,0.0,0.0,"{'intervention': 14, 'advisory': 30, 'silent': 24}",0.6176470588235294,0.4411764705882353,0.0,0.0,0.0,0.0,-0.864619289196024,0.0,0.0,9.750358530323307,0.29850746268656714,0.16470588235294117,66.86585646462046,"{'advisory': 32, 'silent': 36}",argoverse,68,6.7,5,day,clear,austin,0.4461533597185226,0.4836492346988302,0.025951070189124393,2.393688761693744
00422cc5-b120-49db-982f-fc0c1e1eaf8d_29407_clip000,0.0,0.0,0.0,0.0,0.0,0.0,"{'intervention': 14, 'advisory': 30, 'silent': 21}",0.6,0.46153846153846156,0.0,0.0,0.0,0.0,-0.8660254037844386,0.0,0.0,9.750358530323307,0.3125,0.1723076923076923,66.28492875194085,"{'advisory': 32, 'silent': 33}",argoverse,65,6.4,5,day,clear,austin,0.4461533597185226,0.5018346144045346,0.02712994757274001,2.2815045985911966
00450480-0bcd-46b9-a48b-5337d8c9d0a3_283348_clip000,0.0,0.0,0.0,0.0,0.0,0.0,"{'intervention': 20, 'advisory': 69}",0.30337078651685395,0.7752808988764045,0.0,0.0,0.0,0.0,-0.8647122485123435,0.0,0.0,7.5812434575169645,0.45454545454545453,0.18483146067415734,64.21013209855874,"{'advisory': 47, 'silent': 42}",argoverse,89,8.8,16,day,clear,miami,0.4553778079978576,0.5559898664982577,0.02983531955264075,1.5590114230857564
00450480-0bcd-46b9-a48b-5337d8c9d0a3_283414_clip000,0.0,0.0,0.0,0.0,0.0,0.0,"{'intervention': 20, 'advisory': 69}",0.30337078651685395,0.7752808988764045,0.0,0.0,0.0,0.0,-0.8647122485123435,0.0,0.0,7.5812434575169645,0.45454545454545453,0.18483146067415734,64.21013209855874,"{'advisory': 47, 'silent': 42}",argoverse,89,8.8,16,day,clear,miami,0.4553778079978576,0.5559898664982577,0.02983531955264075,1.5590114230857564
005b26cb-7ddc-4e9e-b2d1-55c49f1c6e85_24862_clip000,0.0,0.0,0.0,0.0,0.0,0.0,"{'intervention': 16, 'advisory': 56, 'silent': 28}",0.67,0.56,0.0,0.0,0.0,0.0,-0.8617274844321391,0.0,0.0,5.711166472667529,0.5050505050505051,0.19250000000000006,65.33888289371068,"{'advisory': 55, 'silent': 45}",argoverse,100,9.9,19,day,clear,pittsburgh,0.4553778079978574,0.48259305104324673,0.0656071085025877,1.9452732225433544
005b26cb-7ddc-4e9e-b2d1-55c49f1c6e85_24914_clip000,0.0,0.0,0.0,0.0,0.0,0.0,"{'intervention': 16, 'advisory': 53}",0.6086956521739131,0.7681159420289855,0.0,0.0,0.0,0.0,-0.6341142171061414,0.0,0.0,5.711166472667529,0.588235294117647,0.29420289855072473,60.426944564767496,"{'advisory': 58, 'silent': 11}",argoverse,69,6.800000000000001,19,day,clear,pittsburgh,0.4553778079978575,0.6179310382371599,0.0940003989401135,1.3161111724013514
005b26cb-7ddc-4e9e-b2d1-55c49f1c6e85_24944_clip000,0.0,0.0,0.0,0.0,0.0,0.0,"{'intervention': 16, 'advisory': 50}",0.6212121212121212,0.7575757575757576,0.0,0.0,0.0,0.0,-0.5944635494257549,0.0,0.0,5.711166472667529,0.46153846153846156,0.3022727272727273,59.90513217364027,"{'advisory': 57, 'silent': 9}",argoverse,66,6.5,19,day,clear,pittsburgh,0.4553778079978576,0.6328848452627055,0.09644033828547516,1.286807061540178
005b26cb-7ddc-4e9e-b2d1-55c49f1c6e85_24970_clip000,0.0,0.0,0.0,0.0,0.0,0.0,"{'intervention': 16, 'advisory': 54}",0.6,0.7714285714285715,0.0,0.0,0.0,0.0,-0.6528471723887754,0.0,0.0,5.711166472667529,0.7246376811594203,0.29000000000000015,60.569462177727836,"{'advisory': 58, 'silent': 12}",argoverse,70,6.9,19,day,clear,pittsburgh,0.4553778079978576,0.6140942363942624,0.0930866136843328,1.3273572083127683
005b26cb-7ddc-4e9e-b2d1-55c49f1c6e85_24974_clip000,0.0,0.0,0.0,0.0,0.0,0.0,"{'intervention': 16, 'advisory': 49}",0.6307692307692307,0.7538461538461538,0.0,0.0,0.0,0.0,-0.5690901829794961,0.0,0.0,5.711166472667529,0.46875,0.30692307692307697,59.71683690756066,"{'advisory': 57, 'silent': 8}",argoverse,65,6.4,19,day,clear,pittsburgh,0.4553778079978576,0.6384345628906515,0.09716712952684968,1.2777568992262638
005b26cb-7ddc-4e9e-b2d1-55c49f1c6e85_25002_clip000,0.0,0.0,0.0,0.0,0.0,0.0,"{'intervention': 16, 'advisory': 51}",0.6119402985074627,0.7611940298507462,0.0,0.0,0.0,0.0,-0.6172649696692246,0.0,0.0,5.711166472667529,0.45454545454545453,0.2977611940298508,60.09563331468894,"{'advisory': 57, 'silent': 10}",argoverse,67,6.6000000000000005,19,day,clear,pittsburgh,0.4553778079978575,0.6273028168043563,0.0956723287088688,1.2961091023498326
005b26cb-7ddc-4e9e-b2d1-55c49f1c6e85_25023_clip000,0.0,0.0,0.0,0.0,0.0,0.0,"{'intervention': 16, 'advisory': 51}",0.6119402985074627,0.7611940298507462,0.0,0.0,0.0,0.0,-0.6172649696692246,0.0,0.0,5.711166472667529,0.45454545454545453,0.2977611940298508,60.09563331468894,"{'advisory': 57, 'silent': 10}",argoverse,67,6.6000000000000005,19,day,clear,pittsburgh,0.4553778079978575,0.6273028168043563,0.0956723287088688,1.2961091023498326
005b26cb-7ddc-4e9e-b2d1-55c49f1c6e85_25062_clip000,0.0,0.0,0.0,0.0,0.0,0.0,"{'intervention': 16, 'advisory': 57, 'silent': 27}",0.67,0.57,0.0,0.0,0.0,0.0,-0.8598104020031039,0.0,0.0,5.711166472667529,0.5050505050505051,0.1960000000000001,65.1841852153537,"{'advisory': 56, 'silent': 44}",argoverse,100,9.899999999999999,19,day,clear,pittsburgh,0.4553778079978576,0.48732399503159174,0.06603275379280855,1.915793046756364
005b26cb-7ddc-4e9e-b2d1-55c49f1c6e85_25079_clip000,0.0,0.0,0.0,0.0,0.0,0.0,"{'intervention': 16, 'advisory': 50}",0.6212121212121212,0.7575757575757576,0.0,0.0,0.0,0.0,-0.5944635494257549,0.0,0.0,5.711166472667529,0.46153846153846156,0.3022727272727273,59.90513217364027,"{'advisory': 57, 'silent': 9}",argoverse,66,6.5,19,day,clear,pittsburgh,0.4553778079978576,0.6328848452627055,0.09644033828547516,1.286807061540178
005b26cb-7ddc-4e9e-b2d1-55c49f1c6e85_25095_clip000,0.0,0.0,0.0,0.0,0.0,0.0,"{'intervention': 16, 'advisory': 57, 'silent': 27}",0.67,0.57,0.0,0.0,0.0,0.0,-0.8598104020031039,0.0,0.0,5.711166472667529,0.5050505050505051,0.1960000000000001,65.1841852153537,"{'advisory': 56, 'silent': 44}",argoverse,100,9.899999999999999,19,day,clear,pittsburgh,0.4553778079978576,0.48732399503159174,0.06603275379280855,1.915793046756364
005b26cb-7ddc-4e9e-b2d1-55c49f1c6e85_25113_clip000,0.0,0.0,0.0,0.0,0.0,0.0,"{'intervention': 16, 'advisory': 52}",0.6029411764705882,0.7647058823529411,0.0,0.0,0.0,0.0,-0.6378704023758471,0.0,0.0,5.711166472667529,0.44776119402985076,0.29338235294117654,60.289136865649596,"{'advisory': 57, 'silent': 11}",argoverse,68,6.7,19,day,clear,pittsburgh,0.4553778079978575,0.6216626146902112,0.09486241245765864,1.3057570310926068
005f3e26-75cb-43a5-b61a-89343d490fdf_112169_clip000,0.0,0.0,0.0,0.0,0.0,0.0,"{'advisory': 47, 'silent': 4}",0.9215686274509803,0.9215686274509803,0.0,0.0,0.0,0.0,-0.6300183147521006,0.0,0.0,5.419468974340376,1.0,0.2950980392156863,63.69376822240414,"{'advisory': 43, 'silent': 8}",argoverse,51,5.0,19,day,clear,austin,0.4553778079978576,0.4226034588851852,0.180433856370867,1.7754556533667425
005f3e26-75cb-43a5-b61a-89343d490fdf_112184_clip000,0.0,0.0,0.0,0.0,0.0,0.0,"{'advisory': 47, 'silent': 4}",0.9215686274509803,0.9215686274509803,0.0,0.0,0.0,0.0,-0.6300183147521006,0.0,0.0,5.419468974340376,1.0,0.2950980392156863,63.69376822240414,"{'advisory': 43, 'silent': 8}",argoverse,51,5.0,19,day,clear,austin,0.4553778079978576,0.4226034588851852,0.180433856370867,1.7754556533667425
005f3e26-75cb-43a5-b61a-89343d490fdf_112192_clip000,0.0,0.0,0.0,0.0,0.0,0.0,"{'advisory': 20, 'silent': 63}",0.9759036144578314,0.24096385542168675,0.0,0.0,0.0,0.0,-0.7138500413483921,0.0,0.0,5.419468974340376,0.3658536585365854,0.07590361445783131,74.9585212099663,"{'advisory': 18, 'silent': 65}",argoverse,83,8.2,19,day,clear,austin,0.4553778079978576,0.16371841569494655,0.0638271333090334,796.5565953866662
005f3e26-75cb-43a5-b61a-89343d490fdf_112225_clip000,0.0,0.0,0.0,0.0,0.0,0.0,"{'advisory': 47, 'silent': 4}",0.9215686274509803,0.9215686274509803,0.0,0.0,0.0,0.0,-0.6300183147521006,0.0,0.0,5.419468974340376,1.0,0.2950980392156863,63.69376822240414,"{'advisory': 43, 'silent': 8}",argoverse,51,5.0,19,day,clear,austin,0.4553778079978575,0.4226034588851852,0.180433856370867,1.7754556533667425
005f3e26-75cb-43a5-b61a-89343d490fdf_112240_clip000,0.0,0.0,0.0,0.0,0.0,0.0,"{'advisory': 47, 'silent': 31}",0.9487179487179487,0.6025641025641025,0.0,0.0,0.0,0.0,-0.8615291353710625,0.0,0.0,5.419468974340376,0.6493506493506493,0.1929487179487179,68.7131584829287,"{'advisory': 43, 'silent': 35}",argoverse,78,7.7,19,day,clear,austin,0.4553778079978575,0.3088270781732239,0.12689722839867587,183.99818394554498
005f3e26-75cb-43a5-b61a-89343d490fdf_112350_clip000,0.0,0.0,0.0,0.0,0.0,0.0,"{'advisory': 47, 'silent': 32}",0.9493670886075949,0.5949367088607594,0.0,0.0,0.0,0.0,-0.862688106577788,0.0,0.0,5.419468974340376,0.641025641025641,0.190506329113924,68.87197297232147,"{'advisory': 43, 'silent': 36}",argoverse,79,7.800000000000001,19,day,clear,austin,0.4553778079978575,0.3049179022444579,0.1255125880143493,202.14983576861457
008415aa-6a7d-4c51-9b82-f29bc76f7f28_5638_clip000,0.0,0.0,0.0,0.0,0.0,0.0,"{'intervention': 16, 'advisory': 19, 'silent': 25}",0.5666666666666667,0.31666666666666665,0.0,0.0,0.0,0.0,-0.8540311875110043,0.0,0.0,6.516537398107803,0.1694915254237288,0.14583333333333331,65.70144473415391,"{'advisory': 25, 'silent': 35}",argoverse,60,5.9,13,day,clear,pittsburgh,0.4553778079978575,0.47856457083858944,0.057550194025803345,2.299425106810572
0085e780-a3b2-4432-a64f-56e7b3394432_175943_clip000,0.0,0.0,0.0,0.0,0.0,0.0,"{'intervention': 21, 'advisory': 35, 'silent': 25, 'emergency': 2}",0.5060240963855421,0.42168674698795183,0.0,0.0,0.0,0.0,-0.865522339319227,0.0,0.0,5.626117824842723,0.24390243902439027,0.1686746987951807,64.30410167397379,"{'advisory': 40, 'silent': 43}",argoverse,83,8.2,3,day,clear,washington-dc,0.4665456582408972,0.5231416374921266,0.04466076238755072,1.8392393513068397
009cf3d3-fd2c-4361-b926-eca40c138446_29409_clip000,0.0,0.0,0.0,0.0,0.0,0.0,"{'advisory': 27, 'silent': 44}",0.7887323943661971,0.38028169014084506,0.0,0.0,0.0,0.0,-0.6491753010001008,0.0,0.0,8.458933747761652,0.8571428571428571,0.05915492957746479,73.12685651270436,"{'advisory': 12, 'silent': 59}",argoverse,71,7.0,45,day,clear,pittsburgh,0.4553778079978576,0.24367039814473518,0.04493064076797594,2.9140055228339117
009cf3d3-fd2c-4361-b926-eca40c138446_29414_clip000,0.0,0.0,0.0,0.0,0.0,0.0,"{'advisory': 30, 'silent': 53}",0.8554216867469879,0.3614457831325301,0.0,0.0,0.0,0.0,-0.7138500413483921,0.0,0.0,9.198553513347832,0.48780487804878053,0.07590361445783131,74.55728602426062,"{'advisory': 18, 'silent': 65}",argoverse,83,8.2,45,day,clear,pittsburgh,0.4553778079978575,0.1898868612673601,0.05103319392680962,265.5539774737537
009cf3d3-fd2c-4361-b926-eca40c138446_29465_clip000,0.0,0.0,0.0,0.0,0.0,0.0,"{'advisory': 12, 'silent': 40}",0.9230769230769231,0.23076923076923078,0.0,0.0,0.0,0.0,-0.6250416190360383,0.0,0.0,8.458933747761652,0.588235294117647,0.05384615384615385,73.70465158356376,"{'advisory': 8, 'silent': 44}",argoverse,52,5.1000000000000005,45,day,clear,pittsburgh,0.4553778079978576,0.2242935103444628,0.04504769287293468,2.9093031357859562
009cf3d3-fd2c-4361-b926-eca40c138446_29739_clip000,0.0,0.0,0.0,0.0,0.0,0.0,"{'advisory': 27, 'silent': 44}",0.7887323943661971,0.38028169014084506,0.0,0.0,0.0,0.0,-0.6491753010001008,0.0,0.0,8.458933747761652,0.8571428571428571,0.05915492957746479,73.12685651270436,"{'advisory': 12, 'silent': 59}",argoverse,71,7.0,45,day,clear,pittsburgh,0.4553778079978576,0.24367039814473518,0.04493064076797594,2.9140055228339117
scene-0061_bbd6c47a20e34276bc6f2cfbc6ba6205_clip000,0.0,0.0,0.0,0.0,0.0,0.0,"{'intervention': 2, 'advisory': 11, 'silent': 7}",0.65,0.55,0.0,0.0,0.0,0.0,-0.8495907904857465,0.0,0.0,4.141439698693297,0.4166933610851112,0.13999999999999999,66.10911930414478,"{'advisory': 8, 'silent': 12}",nuscenes,20,9.599385,63,day,clear,singapore-onenorth,0.4553778079978575,0.39549714521560136,0.12702846731576262,2.3982705397715076
scene-0061_3843d35144d84c02b387678f9bc7f2ed_clip000,0.0,0.0,0.0,0.0,1.0,0.0,"{'intervention': 3, 'advisory': 3, 'silent': 3, 'emergency': 3}",0.25,0.25,0.0,0.0,0.0,0.0,-0.916057224828689,1.0,3.448807,2.677125974241124,0.7274508866080475,0.22499999999999998,57.804385060938216,"{'intervention': 2, 'advisory': 4, 'silent': 6}",nuscenes,12,5.498653,63,day,clear,singapore-onenorth,0.4553778079978576,0.623187256739023,0.17616283056589266,1.6325041839005194
scene-0061_03d01c950f044575b69137f069345db0_clip000,0.0,0.0,0.0,0.0,0.0,0.0,"{'intervention': 2, 'advisory': 10, 'silent': 8}",0.7,0.5,0.0,0.0,0.0,0.0,-0.8495907904857465,0.0,0.0,4.141439698693297,0.41884031702442437,0.13999999999999999,66.6383080453583,"{'advisory': 8, 'silent': 12}",nuscenes,20,9.550179,63,day,clear,singapore-onenorth,0.4553778079978575,0.3765989543609045,0.12828703346334197,2.699375508533391
scene-0061_221dd725c6654412a04c71ced8ad6d03_clip000,0.0,0.0,0.0,0.0,1.0,0.0,"{'intervention': 3, 'advisory': 3, 'silent': 4, 'emergency': 3}",0.3076923076923077,0.23076923076923078,0.0,0.0,0.0,0.0,-0.9032906873947423,1.0,3.9486649999999996,2.677125974241124,0.6668321521790992,0.20769230769230768,59.275788247728805,"{'intervention': 2, 'advisory': 4, 'silent': 7}",nuscenes,13,5.998511,63,day,clear,singapore-onenorth,0.4553778079978576,0.5867811820928152,0.16352213231908083,1.8024730171755428
scene-0061_b4db946778484c2195efa320571f53dc_clip000,0.0,0.0,0.0,0.0,0.0,0.0,"{'intervention': 2, 'advisory': 10, 'silent': 8}",0.7,0.5,0.0,0.0,0.0,0.0,-0.8495907904857465,0.0,0.0,4.141439698693297,0.4166693576562682,0.13999999999999999,66.36669627859088,"{'advisory': 8, 'silent': 12}",nuscenes,20,9.599938,63,day,clear,singapore-onenorth,0.4553778079978575,0.3865214793445419,0.1274182340386189,2.507785200767863
scene-0061_e2f67391cb914b0cbdda3995dbc397f8_clip000,0.0,0.0,0.0,0.0,0.0,0.0,"{'intervention': 2, 'advisory': 11, 'silent': 7}",0.65,0.55,0.0,0.0,0.0,0.0,-0.8495907904857465,0.0,0.0,4.141439698693297,0.4166933610851112,0.13999999999999999,66.10911930414478,"{'advisory': 8, 'silent': 12}",nuscenes,20,9.599385,63,day,clear,singapore-onenorth,0.4553778079978575,0.39549714521560136,0.12702846731576262,2.3982705397715076
scene-0061_95fc384cb4994ffe9a5caf914274ab22_clip000,0.0,0.0,0.0,0.0,0.0,0.0,"{'intervention': 2, 'advisory': 10, 'silent': 8}",0.7,0.5,0.0,0.0,0.0,0.0,-0.8495907904857465,0.0,0.0,4.141439698693297,0.41884031702442437,0.13999999999999999,66.6383080453583,"{'advisory': 8, 'silent': 12}",nuscenes,20,9.550179,63,day,clear,singapore-onenorth,0.4553778079978575,0.3765989543609045,0.12828703346334197,2.699375508533391
scene-0061_0e79e7bed1d543c9a00acfbf90ff60b3_clip000,0.0,0.0,0.0,0.0,1.0,0.0,"{'intervention': 3, 'advisory': 4, 'silent': 5, 'emergency': 3}",0.3333333333333333,0.26666666666666666,0.0,0.0,0.0,0.0,-0.8752550648647676,1.0,4.9987580000000005,2.677125974241124,0.5674882572492369,0.18,61.08128065069509,"{'intervention': 2, 'advisory': 4, 'silent': 9}",nuscenes,15,7.048604,63,day,clear,singapore-onenorth,0.4553778079978576,0.54323855245476,0.14688168185825978,1.8741744647802407
scene-0061_1bc410ff237c4c48b9b7b094a9eaeb4d_clip000,0.0,0.0,0.0,0.0,0.0,0.0,"{'intervention': 2, 'advisory': 9, 'silent': 9}",0.75,0.45,0.0,0.0,0.0,0.0,-0.8495907904857465,0.0,0.0,4.141439698693297,0.4187926501052322,0.13999999999999999,66.81767982736713,"{'advisory': 8, 'silent': 12}",nuscenes,20,9.551265999999998,63,day,clear,singapore-onenorth,0.4553778079978575,0.36963627383358133,0.12927065459037115,2.7929433157113115
scene-0061_71603dd1a2ba4e9daf095535e38310ac_clip000,0.0,0.0,0.0,0.0,0.0,0.0,"{'intervention': 2, 'advisory': 10, 'silent': 8}",0.7,0.5,0.0,0.0,0.0,0.0,-0.8495907904857465,0.0,0.0,4.141439698693297,0.41884031702442437,0.13999999999999999,66.6383080453583,"{'advisory': 8, 'silent': 12}",nuscenes,20,9.550179,63,day,clear,singapore-onenorth,0.4553778079978576,0.3765989543609045,0.12828703346334197,2.699375508533391
scene-0061_eb3da8843f614a90a48ddb6ee392c0c0_clip000,0.0,0.0,0.0,0.0,0.0,0.0,"{'intervention': 2, 'advisory': 10, 'silent': 8}",0.7,0.5,0.0,0.0,0.0,0.0,-0.8495907904857465,0.0,0.0,4.141439698693297,0.41884031702442437,0.13999999999999999,66.6383080453583,"{'advisory': 8, 'silent': 12}",nuscenes,20,9.550179,63,day,clear,singapore-onenorth,0.4553778079978575,0.3765989543609045,0.12828703346334197,2.699375508533391
scene-0061_070412f6a4f944e6a0a9e01ac1ea1fee_clip000,0.0,0.0,0.0,0.0,0.0,0.0,"{'intervention': 2, 'advisory': 9, 'silent': 9}",0.75,0.45,0.0,0.0,0.0,0.0,-0.8495907904857465,0.0,0.0,4.141439698693297,0.4187909839326652,0.13999999999999999,67.0788960129716,"{'advisory': 8, 'silent': 12}",nuscenes,20,9.551303999999998,63,day,clear,singapore-onenorth,0.4553778079978575,0.3590979707181078,0.13110175151902867,3.1593985899389403
scene-0061_e59d97d4403a48b88fbb6a58fc9959e6_clip000,0.0,0.0,0.0,0.0,0.0,0.0,"{'intervention': 2, 'advisory': 9, 'silent': 9}",0.75,0.45,0.0,0.0,0.0,0.0,-0.8495907904857465,0.0,0.0,4.141439698693297,0.4187926501052322,0.13999999999999999,66.81767982736713,"{'advisory': 8, 'silent': 12}",nuscenes,20,9.551265999999998,63,day,clear,singapore-onenorth,0.4553778079978575,0.36963627383358133,0.12927065459037115,2.7929433157113115
scene-0061_e1e148c7bcb14072822872a4cfc8e882_clip000,0.0,0.0,0.0,0.0,0.0,0.0,"{'intervention': 2, 'advisory': 9, 'silent': 9}",0.75,0.45,0.0,0.0,0.0,0.0,-0.8495907904857465,0.0,0.0,4.141439698693297,0.4187926501052322,0.13999999999999999,66.81767982736713,"{'advisory': 8, 'silent': 12}",nuscenes,20,9.551265999999998,63,day,clear,singapore-onenorth,0.4553778079978576,0.36963627383358133,0.12927065459037115,2.7929433157113115
scene-0061_f81722a685cc49eba454efbb3aec0331_clip000,0.0,0.0,0.0,0.0,0.0,0.0,"{'intervention': 2, 'advisory': 10, 'silent': 8}",0.7,0.5,0.0,0.0,0.0,0.0,-0.8495907904857465,0.0,0.0,4.141439698693297,0.41884031702442437,0.13999999999999999,66.6383080453583,"{'advisory': 8, 'silent': 12}",nuscenes,20,9.550179,63,day,clear,singapore-onenorth,0.4553778079978575,0.3765989543609045,0.12828703346334197,2.699375508533391
scene-0061_acc1b985c3b746cdbb22fc59bb41b774_clip000,0.0,0.0,0.0,0.0,0.0,0.0,"{'intervention': 2, 'advisory': 9, 'silent': 9}",0.75,0.45,0.0,0.0,0.0,0.0,-0.8495907904857465,0.0,0.0,4.141439698693297,0.4187926501052322,0.13999999999999999,66.81767982736713,"{'advisory': 8, 'silent': 12}",nuscenes,20,9.551265999999998,63,day,clear,singapore-onenorth,0.4553778079978575,0.36963627383358133,0.12927065459037115,2.7929433157113115
scene-0061_73ee514c205c483da3d1d04282337457_clip000,0.0,0.0,0.0,0.0,0.0,0.0,"{'intervention': 2, 'advisory': 9, 'silent': 9}",0.75,0.45,0.0,0.0,0.0,0.0,-0.8495907904857465,0.0,0.0,4.141439698693297,0.4187926501052322,0.13999999999999999,66.81767982736713,"{'advisory': 8, 'silent': 12}",nuscenes,20,9.551265999999998,63,day,clear,singapore-onenorth,0.4553778079978575,0.36963627383358133,0.12927065459037115,2.7929433157113115
scene-0061_9e6d680cd81942f5acdfbb07254f8f45_clip000,0.0,0.0,0.0,0.0,0.0,0.0,"{'intervention': 2, 'advisory': 8, 'silent': 10}",0.8,0.4,0.0,0.0,0.0,0.0,-0.8495907904857465,0.0,0.0,4.141439698693297,0.42098469794295307,0.13999999999999999,67.39728682119569,"{'advisory': 8, 'silent': 12}",nuscenes,20,9.501532999999998,63,day,clear,singapore-onenorth,0.4553778079978576,0.3478910116289992,0.1316956836673338,3.442037197535302
scene-0061_1e775890010e4d97b74ca1d06441d023_clip000,0.0,0.0,0.0,0.0,0.0,0.0,{'silent': 11},1.0,0.0,0.0,0.0,0.0,0.0,0.0,0.0,0.0,11.844171317134732,0.0,0.0,78.03292927830381,{'silent': 11},nuscenes,11,4.9998640000000005,63,day,clear,singapore-onenorth,0.4553778079978576,0.08681894268625868,0.038246337373137866,113.01530406575439
scene-0061_203a688b840844b8ae16a2b07967ffad_clip000,0.0,0.0,0.0,0.0,0.0,0.0,{'silent': 11},1.0,0.0,0.0,0.0,0.0,0.0,0.0,0.0,0.0,11.844171317134732,0.0,0.0,78.03292927830381,{'silent': 11},nuscenes,11,4.9998640000000005,63,day,clear,singapore-onenorth,0.4553778079978575,0.08681894268625868,0.038246337373137866,113.01530406575439
scene-0103_3b19bb63d0924f4da3034819357d6c8b_clip000,0.0,0.0,0.0,0.0,0.0,0.0,"{'intervention': 9, 'advisory': 4, 'silent': 1}",0.2857142857142857,0.2857142857142857,0.0,0.0,0.0,0.0,-0.6076436202501999,0.0,0.0,5.779254636762074,0.15626379516316674,0.3,53.12647438517054,"{'advisory': 12, 'silent': 2}",nuscenes,14,6.399435,51,day,clear,boston-seaport,0.4553778079978575,0.8090241955228435,0.14625624764099515,1.1692860456427705
scene-0103_68a40df2846e4298af0417ea12721b5c_clip000,0.0,0.0,0.0,0.0,0.0,0.0,"{'intervention': 9, 'advisory': 4}",0.23076923076923078,0.3076923076923077,0.0,0.0,0.0,0.0,-0.4629100498862757,0.0,0.0,5.779254636762074,0.16666177792118098,0.3230769230769231,51.494878561088434,"{'advisory': 12, 'silent': 1}",nuscenes,13,6.000176,51,day,clear,boston-seaport,0.4553778079978575,0.8546523524873737,0.15501461814586853,1.0271800147546497
scene-0103_fa107c6dd0dc4d15b94b86cbf5b990c0_clip000,0.0,0.0,0.0,0.0,0.0,0.0,"{'intervention': 9, 'advisory': 4, 'silent': 3}",0.375,0.25,0.0,0.0,0.0,0.0,-0.7514691493021795,0.0,0.0,5.779254636762074,0.1351498372458085,0.26249999999999996,56.28000326541185,"{'advisory': 12, 'silent': 4}",nuscenes,16,7.399195,51,day,clear,boston-seaport,0.4553778079978576,0.717937023399007,0.13222579042345445,1.874236986670301
scene-0103_ead6a822f86c432481c0a9d2e4e4f827_clip000,0.0,0.0,0.0,0.0,0.0,0.0,"{'intervention': 9, 'advisory': 4, 'silent': 1}",0.2857142857142857,0.2857142857142857,0.0,0.0,0.0,0.0,-0.6076436202501999,0.0,0.0,5.779254636762074,0.15626379516316674,0.3,53.12647438517054,"{'advisory': 12, 'silent': 2}",nuscenes,14,6.399435,51,day,clear,boston-seaport,0.4553778079978574,0.8090241955228435,0.14625624764099515,1.1692860456427705
scene-0103_99fbf1b9bf474215a4e8ad562bb7e9b2_clip000,0.0,0.0,0.0,0.0,0.0,0.0,"{'intervention': 9, 'advisory': 4, 'silent': 5}",0.4444444444444444,0.2222222222222222,0.0,0.0,0.0,0.0,-0.8177595307636584,0.0,0.0,5.779254636762074,0.11977275754256962,0.23333333333333328,58.64722091760705,"{'advisory': 12, 'silent': 6}",nuscenes,18,8.349144,51,day,clear,boston-seaport,0.4553778079978576,0.6492048237795562,0.12205073496973196,2.544941639055477
scene-0103_6e71a9ceaf9a4974a1d07a2bd3544506_clip000,0.0,0.0,0.0,0.0,0.0,0.0,"{'intervention': 9, 'advisory': 4, 'silent': 6}",0.47368421052631576,0.21052631578947367,0.0,0.0,0.0,0.0,-0.8366600265340756,0.0,0.0,5.779254636762074,0.1129995980604297,0.22105263157894733,59.5571095200669,"{'advisory': 12, 'silent': 7}",nuscenes,19,8.849589,51,day,clear,boston-seaport,0.4553778079978575,0.6229158487153456,0.11801008995194755,2.7371993254297315
scene-0103_34aaf645a4174c6c8ff1874e6b33ccf6_clip000,0.0,0.0,0.0,0.0,0.0,0.0,"{'intervention': 9, 'advisory': 4, 'silent': 4}",0.4117647058823529,0.23529411764705882,0.0,0.0,0.0,0.0,-0.7905694150420949,0.0,0.0,5.779254636762074,0.12659756633902372,0.24705882352941172,57.513463072339285,"{'advisory': 12, 'silent': 5}",nuscenes,17,7.899046,51,day,clear,boston-seaport,0.4553778079978575,0.6823050263584968,0.12674246056638383,2.1400454778906326
scene-0103_b3412553d70f40b3a1d19a0eb8529a08_clip000,0.0,0.0,0.0,0.0,0.0,0.0,"{'intervention': 2, 'advisory': 12, 'silent': 6}",0.75,0.6,0.0,0.0,0.0,0.0,-0.8627635262664035,0.0,0.0,7.815466782298337,0.5262626092521175,0.1925,68.0949599718404,"{'advisory': 11, 'silent': 9}",nuscenes,20,9.500960000000003,51,day,clear,boston-seaport,0.4553778079978575,0.37176724042587284,0.0845636831823041,3.3347392445034183
scene-0103_e147a4c07e06487592fb5d6135c27a78_clip000,0.0,0.0,0.0,0.0,0.0,0.0,"{'intervention': 4, 'advisory': 13, 'silent': 3}",0.65,0.65,0.0,0.0,0.0,0.0,-0.7947194142390263,0.0,0.0,7.211785952341847,0.5235191501734575,0.24499999999999994,63.83315968700921,"{'advisory': 14, 'silent': 6}",nuscenes,20,9.550749000000001,51,day,clear,boston-seaport,0.4553778079978576,0.5010480175931844,0.09734291550936497,2.251906401755435
scene-0103_996d9e039f7a4838ac48d5409ca89732_clip000,0.0,0.0,0.0,0.0,0.0,0.0,"{'intervention': 9, 'advisory': 4, 'silent': 5}",0.4444444444444444,0.2222222222222222,0.0,0.0,0.0,0.0,-0.8177595307636584,0.0,0.0,5.779254636762074,0.11977275754256962,0.23333333333333328,58.647220917607065,"{'advisory': 12, 'silent': 6}",nuscenes,18,8.349144,51,day,clear,boston-seaport,0.4553778079978574,0.6492048237795562,0.12205073496973196,2.544941639055477
scene-0103_72137291381349428afb1038d4e5898c_clip000,0.0,0.0,0.0,0.0,0.0,0.0,"{'intervention': 9, 'advisory': 4, 'silent': 5}",0.4444444444444444,0.2222222222222222,0.0,0.0,0.0,0.0,-0.8177595307636584,0.0,0.0,5.779254636762074,0.11977275754256962,0.23333333333333328,58.64722091760705,"{'advisory': 12, 'silent': 6}",nuscenes,18,8.349144,51,day,clear,boston-seaport,0.4553778079978576,0.6492048237795562,0.12205073496973196,2.544941639055477
scene-0103_c34cb46c7be6486a85ee49653850b174_clip000,0.0,0.0,0.0,0.0,0.0,0.0,"{'intervention': 9, 'advisory': 4, 'silent': 6}",0.47368421052631576,0.21052631578947367,0.0,0.0,0.0,0.0,-0.8366600265340756,0.0,0.0,5.779254636762074,0.1129995980604297,0.22105263157894733,59.5571095200669,"{'advisory': 12, 'silent': 7}",nuscenes,19,8.849589,51,day,clear,boston-seaport,0.4553778079978575,0.6229158487153456,0.11801008995194755,2.7371993254297315
scene-0103_5d77c275683248658e7564ef24bf63b2_clip000,0.0,0.0,0.0,0.0,0.0,0.0,"{'intervention': 9, 'advisory': 4, 'silent': 6}",0.47368421052631576,0.21052631578947367,0.0,0.0,0.0,0.0,-0.8366600265340756,0.0,0.0,5.779254636762074,0.1129995980604297,0.22105263157894733,59.5571095200669,"{'advisory': 12, 'silent': 7}",nuscenes,19,8.849589,51,day,clear,boston-seaport,0.4553778079978575,0.6229158487153456,0.11801008995194755,2.7371993254297315
scene-0103_3c7331d16ac6439e9bd5a57d75976446_clip000,0.0,0.0,0.0,0.0,0.0,0.0,"{'intervention': 1, 'advisory': 12, 'silent': 7}",0.8,0.6,0.0,0.0,0.0,0.0,-0.8671099695241199,0.0,0.0,7.967399571723729,0.5262928541850912,0.175,69.5919631948841,"{'advisory': 10, 'silent': 10}",nuscenes,20,9.500414000000003,51,day,clear,boston-seaport,0.4553778079978576,0.3273776510693439,0.07905316510404317,3.5191998024533566
scene-0103_0809d64df9264121bead0772ee9b5984_clip000,0.0,0.0,0.0,0.0,0.0,0.0,"{'intervention': 4, 'advisory': 10, 'silent': 1}",0.5333333333333333,0.6666666666666666,0.0,0.0,0.0,0.0,-0.7676494735787384,0.0,0.0,7.211785952341847,0.714235309679574,0.25666666666666665,61.48964798502762,"{'advisory': 11, 'silent': 4}",nuscenes,15,7.000494,51,day,clear,boston-seaport,0.4553778079978576,0.5793695738784522,0.09713841595681723,75.16610594121433
scene-0103_ad2ae385245f46d49b4d06f87e2ac544_clip000,0.0,0.0,0.0,0.0,0.0,0.0,"{'intervention': 9, 'advisory': 4, 'silent': 6}",0.47368421052631576,0.21052631578947367,0.0,0.0,0.0,0.0,-0.8366600265340756,0.0,0.0,5.779254636762074,0.1129995980604297,0.22105263157894733,59.5571095200669,"{'advisory': 12, 'silent': 7}",nuscenes,19,8.849589,51,day,clear,boston-seaport,0.4553778079978576,0.6229158487153456,0.11801008995194755,2.7371993254297315
scene-0103_09810748e6c04aacb393ebf14fafa5e8_clip000,0.0,0.0,0.0,0.0,0.0,0.0,"{'advisory': 12, 'silent': 8}",0.85,0.6,0.0,0.0,0.0,0.0,-0.8627635262664035,0.0,0.0,7.967399571723729,0.5263245984853852,0.1575,70.80951256302235,"{'advisory': 9, 'silent': 11}",nuscenes,20,9.499841,51,day,clear,boston-seaport,0.4553778079978575,0.2886705588185416,0.07717527841690383,3.6076614598893877
scene-0103_4ce8f37952ad4203b1f5b23c728fb2e6_clip000,0.0,0.0,0.0,0.0,0.0,0.0,"{'intervention': 2, 'advisory': 12, 'silent': 6}",0.75,0.6,0.0,0.0,0.0,0.0,-0.8627635262664035,0.0,0.0,7.815466782298337,0.5262626092521175,0.1925,68.09495997184038,"{'advisory': 11, 'silent': 9}",nuscenes,20,9.500960000000003,51,day,clear,boston-seaport,0.4553778079978576,0.37176724042587284,0.0845636831823041,3.3347392445034183
scene-0103_c1fe224b76cc49e294847788c443e470_clip000,0.0,0.0,0.0,0.0,0.0,0.0,"{'intervention': 2, 'advisory': 12, 'silent': 6}",0.75,0.6,0.0,0.0,0.0,0.0,-0.8627635262664035,0.0,0.0,7.815466782298337,0.5262626092521175,0.1925,68.0949599718404,"{'advisory': 11, 'silent': 9}",nuscenes,20,9.500960000000003,51,day,clear,boston-seaport,0.4553778079978575,0.37176724042587284,0.0845636831823041,3.3347392445034183
scene-0103_608f6c85cd524242bc9d299c0a954f69_clip000,0.0,0.0,0.0,0.0,0.0,0.0,"{'intervention': 4, 'advisory': 14, 'silent': 2}",0.65,0.7,0.0,0.0,0.0,0.0,-0.7509392614826383,0.0,0.0,7.211785952341847,0.6282586335563197,0.2624999999999999,63.03494483776475,"{'advisory': 15, 'silent': 5}",nuscenes,20,9.550207,51,day,clear,boston-seaport,0.4553778079978575,0.5249905811176492,0.10000751362638247,57.10355847002002
scene-0103_723af3d23fb445e3ab97669e85846445_clip000,0.0,0.0,0.0,0.0,0.0,0.0,"{'intervention': 4, 'advisory': 8, 'silent': 1}",0.46153846153846156,0.6153846153846154,0.0,0.0,0.0,0.0,-0.8017837257372732,0.0,0.0,7.211785952341847,0.6665847878352277,0.2423076923076923,61.002127968880615,"{'advisory': 9, 'silent': 4}",nuscenes,13,6.000736999999999,51,day,clear,boston-seaport,0.4553778079978575,0.596905714464854,0.09585294257531568,86.46391688259976
scene-0553_19804c352c0a4767b61b8d0709d1db99_clip000,0.0,0.0,0.0,0.0,0.0,0.0,{'silent': 20},1.0,0.0,0.0,0.0,0.0,0.0,0.0,0.0,0.0,7.913043448354689,0.0,0.0,76.55167158087963,{'silent': 20},nuscenes,20,9.501508000000001,13,day,clear,boston-seaport,0.4553778079978576,0.04786960659942179,0.12657093004078088,828.0470178962241
scene-0553_b61b72a5b5ad482e9bc94c203f75b8d4_clip000,0.0,0.0,0.0,0.0,0.0,0.0,{'silent': 20},1.0,0.0,0.0,0.0,0.0,0.0,0.0,0.0,0.0,7.913043448354689,0.0,0.0,76.4365183548154,{'silent': 20},nuscenes,20,9.451184000000001,13,day,clear,boston-seaport,0.4553778079978576,0.05019408168907639,0.12808489581993357,822.7833712317384
scene-0553_21d4060224a946e5b66fd00749282e82_clip000,0.0,0.0,0.0,0.0,0.0,0.0,{'silent': 20},1.0,0.0,0.0,0.0,0.0,0.0,0.0,0.0,0.0,7.913043448354689,0.0,0.0,76.257261014288,{'silent': 20},nuscenes,20,9.450714999999999,13,day,clear,boston-seaport,0.4553778079978575,0.056869043933661864,0.12738517825959472,825.5244288333361
scene-0553_340ccb3c0dcb492eaa032f0e4e3017bb_clip000,0.0,0.0,0.0,0.0,0.0,0.0,{'silent': 20},1.0,0.0,0.0,0.0,0.0,0.0,0.0,0.0,0.0,7.913043448354689,0.0,0.0,76.50253618037335,{'silent': 20},nuscenes,20,9.350007000000002,13,day,clear,boston-seaport,0.4553778079978576,0.05582682127782261,0.12025156204592216,853.9618021022941
scene-0553_afd097377c71479ea8349eeae83b8143_clip000,0.0,0.0,0.0,0.0,0.0,0.0,{'silent': 20},1.0,0.0,0.0,0.0,0.0,0.0,0.0,0.0,0.0,7.913043448354689,0.0,0.0,76.50253618037337,{'silent': 20},nuscenes,20,9.350007000000002,13,day,clear,boston-seaport,0.4553778079978574,0.05582682127782261,0.12025156204592216,853.9618021022941
scene-0553_18cdcf0d2340409b95140ea38a70fd2e_clip000,0.0,0.0,0.0,0.0,0.0,0.0,{'silent': 20},1.0,0.0,0.0,0.0,0.0,0.0,0.0,0.0,0.0,7.913043448354689,0.0,0.0,76.3379824722539,{'silent': 20},nuscenes,20,9.451185,13,day,clear,boston-seaport,0.4553778079978575,0.052570884490107814,0.12899262243761947,819.6659460022986
scene-0553_2397a588f42e4195bf7fb0148aa7a3d6_clip000,0.0,0.0,0.0,0.0,0.0,0.0,{'silent': 19},1.0,0.0,0.0,0.0,0.0,0.0,0.0,0.0,0.0,7.913043448354689,0.0,0.0,76.78309534779483,{'silent': 19},nuscenes,19,9.001649,13,day,clear,boston-seaport,0.4553778079978575,0.04279219713354413,0.1239342139428185,837.1989291074723
scene-0655_433e28f80ae9462eb927089896b5f669_clip000,0.0,0.0,0.0,0.0,0.0,0.0,"{'intervention': 2, 'advisory': 9, 'silent': 9}",0.85,0.45,0.0,0.0,0.0,0.0,-0.8671099695241199,0.0,0.0,9.303399999255339,0.947470648148879,0.175,68.75574353625338,"{'advisory': 10, 'silent': 10}",nuscenes,20,9.498975000000002,7,day,clear,boston-seaport,0.4666227184390223,0.37752534624852974,0.04178624462432803,2.381070557786123
scene-0655_fe199544817e496aa7708a1db0af2108_clip000,0.0,0.0,0.0,0.0,0.0,0.0,"{'intervention': 2, 'advisory': 9, 'silent': 9}",0.85,0.45,0.0,0.0,0.0,0.0,-0.8671099695241199,0.0,0.0,9.303399999255339,0.947470648148879,0.175,68.75574353625338,"{'advisory': 10, 'silent': 10}",nuscenes,20,9.498975000000002,7,day,clear,boston-seaport,0.4666227184390223,0.37752534624852974,0.04178624462432803,2.381070557786123
scene-0655_99d539b687cb4a46b8f1efc7204aa160_clip000,0.0,0.0,0.0,0.0,0.0,0.0,"{'intervention': 2, 'advisory': 12, 'silent': 6}",0.75,0.6,0.0,0.0,0.0,0.0,-0.8627635262664035,0.0,0.0,9.303399999255339,1.2562470811884223,0.19249999999999998,67.66422183757214,"{'advisory': 11, 'silent': 9}",nuscenes,20,9.552261,7,day,clear,boston-seaport,0.4666227184390223,0.4114819704021374,0.04421367709342794,2.3255575221202944
scene-0757_4b086f653d5a47a79f73f1d4a4d956d8_clip000,0.0,0.0,0.0,0.0,0.0,0.0,{'silent': 11},1.0,0.0,0.0,0.0,0.0,0.0,0.0,0.0,0.0,15.367333636732997,0.0,0.0,80.34303066735096,{'silent': 11},nuscenes,11,5.001543999999999,3,day,clear,boston-seaport,0.4665456582408972,0.019960905514055275,0.013210527919716353,1757.7910208157364
scene-0757_3c16d6997c70488ab7e9dfd0fbec962e_clip000,0.0,0.0,0.0,0.0,0.0,0.0,{'silent': 11},1.0,0.0,0.0,0.0,0.0,0.0,0.0,0.0,0.0,15.367333636732997,0.0,0.0,80.34303066735096,{'silent': 11},nuscenes,11,5.001543999999999,3,day,clear,boston-seaport,0.4665456582408972,0.019960905514055275,0.013210527919716353,1757.7910208157364
scene-0796_a9ba2ffc5a95458c9bd1052be9bc24ad_clip000,0.0,0.0,0.0,0.0,0.0,0.0,"{'intervention': 4, 'advisory': 6, 'silent': 2, 'emergency': 1}",0.3076923076923077,0.46153846153846156,0.0,0.0,0.0,0.0,-0.8660254037844387,0.0,0.0,5.527536801495883,0.4917840910469395,0.18846153846153843,60.911072538707224,"{'advisory': 7, 'silent': 6}",nuscenes,13,6.100238,11,day,clear,singapore-queenstown,0.4553778079978576,0.6023153000030569,0.09347853804289244,1.3505957632671877
scene-0916_4591a9f392774001a2cf523286505ac9_clip000,0.0,0.0,0.0,0.0,0.0,0.0,"{'intervention': 1, 'advisory': 10, 'silent': 9}",0.9,0.5,0.0,0.0,0.0,0.0,-0.8671099695241199,0.0,0.0,5.928808108233976,0.42110866119449997,0.175,68.24744939600309,"{'advisory': 10, 'silent': 10}",nuscenes,20,9.498736000000001,25,day,clear,singapore-queenstown,0.4553778079978576,0.33898640459538437,0.11226153820736898,2.5604051309734115
scene-0916_c8fcea5cd6d344e69a92241622f58be7_clip000,0.0,0.0,0.0,0.0,0.0,0.0,"{'intervention': 1, 'advisory': 10, 'silent': 9}",0.9,0.5,0.0,0.0,0.0,0.0,-0.8671099695241199,0.0,0.0,5.928808108233976,0.42559222221702053,0.175,67.97909029134769,"{'advisory': 10, 'silent': 10}",nuscenes,20,9.398668,25,day,clear,singapore-queenstown,0.4553778079978575,0.3442826729834207,0.1159105733078462,2.4132483076961027
scene-0916_cb5fdffa966345cdb9c7c186143b7857_clip000,0.0,0.0,0.0,0.0,0.0,0.0,"{'intervention': 1, 'advisory': 9, 'silent': 10}",0.95,0.45,0.0,0.0,0.0,0.0,-0.8671099695241199,0.0,0.0,5.928808108233976,0.42556822401230404,0.175,68.14627174188819,"{'advisory': 10, 'silent': 10}",nuscenes,20,9.399198,25,day,clear,singapore-queenstown,0.4553778079978575,0.3342747683169585,0.12034576295629189,2.4356417628085874
scene-0916_de7bc639112c40ec9ebe406673f1487d_clip000,0.0,0.0,0.0,0.0,0.0,0.0,"{'intervention': 1, 'advisory': 9, 'silent': 10}",0.95,0.45,0.0,0.0,0.0,0.0,-0.8671099695241199,0.0,0.0,5.928808108233976,0.42556822401230404,0.175,68.14627174188817,"{'advisory': 10, 'silent': 10}",nuscenes,20,9.399198,25,day,clear,singapore-queenstown,0.4553778079978576,0.3342747683169585,0.12034576295629189,2.4356417628085874
scene-0916_c2c271c1bc484bce81639bfda2083588_clip000,0.0,0.0,0.0,0.0,0.0,0.0,"{'intervention': 1, 'advisory': 9, 'silent': 9}",0.9473684210526315,0.47368421052631576,0.0,0.0,0.0,0.0,-0.8660254037844388,0.0,0.0,5.928808108233976,0.4494144186302051,0.18421052631578946,67.4919871269522,"{'advisory': 10, 'silent': 9}",nuscenes,19,8.900471,25,day,clear,singapore-queenstown,0.4553778079978576,0.34531424714725745,0.13111577129052607,2.2155360818790504
scene-0916_af7483c35ffa4ad193d14bbac3b0ab4e_clip000,0.0,0.0,0.0,0.0,0.0,0.0,"{'intervention': 1, 'advisory': 10, 'silent': 9}",0.9,0.5,0.0,0.0,0.0,0.0,-0.8671099695241199,0.0,0.0,5.928808108233976,0.42111078919530776,0.175,68.39519915806088,"{'advisory': 10, 'silent': 10}",nuscenes,20,9.498688000000001,25,day,clear,singapore-queenstown,0.4553778079978575,0.33683928391834117,0.10948366681581936,2.6733644608502267
scene-0916_ebcd168fd25247f68482853796c9327f_clip000,0.0,0.0,0.0,0.0,0.0,0.0,"{'intervention': 1, 'advisory': 9, 'silent': 10}",0.95,0.45,0.0,0.0,0.0,0.0,-0.8671099695241199,0.0,0.0,5.928808108233976,0.42556822401230404,0.175,68.14627174188819,"{'advisory': 10, 'silent': 10}",nuscenes,20,9.399198,25,day,clear,singapore-queenstown,0.4553778079978575,0.3342747683169585,0.12034576295629189,2.4356417628085874
scene-0916_9256b7cc27954e7bb5e3a3fb8c62474c_clip000,0.0,0.0,0.0,0.0,0.0,0.0,"{'intervention': 1, 'advisory': 9, 'silent': 10}",0.95,0.45,0.0,0.0,0.0,0.0,-0.8671099695241199,0.0,0.0,5.928808108233976,0.4255425987290745,0.175,67.88809808176617,"{'advisory': 10, 'silent': 10}",nuscenes,20,9.399764,25,day,clear,singapore-queenstown,0.4553778079978574,0.33753205017584365,0.1256942697681407,2.3135008132786616
scene-0916_eeabbd601fff49c08c086829bfe13287_clip000,0.0,0.0,0.0,0.0,0.0,0.0,"{'intervention': 1, 'advisory': 9, 'silent': 10}",0.95,0.45,0.0,0.0,0.0,0.0,-0.8671099695241199,0.0,0.0,5.928808108233976,0.42556822401230404,0.175,68.14627174188819,"{'advisory': 10, 'silent': 10}",nuscenes,20,9.399198,25,day,clear,singapore-queenstown,0.4553778079978575,0.3342747683169585,0.12034576295629189,2.4356417628085874
scene-0916_54ca0158a30a4d8291684544ddbeff3f_clip000,0.0,0.0,0.0,0.0,0.0,0.0,"{'intervention': 1, 'advisory': 9, 'silent': 10}",0.95,0.45,0.0,0.0,0.0,0.0,-0.8671099695241199,0.0,0.0,5.928808108233976,0.42556822401230404,0.175,68.14627174188817,"{'advisory': 10, 'silent': 10}",nuscenes,20,9.399198,25,day,clear,singapore-queenstown,0.4553778079978576,0.3342747683169585,0.12034576295629189,2.4356417628085874
scene-0916_b825554384e042baba291f6f75c1ba49_clip000,0.0,0.0,0.0,0.0,0.0,0.0,"{'intervention': 1, 'advisory': 10, 'silent': 9}",0.9,0.5,0.0,0.0,0.0,0.0,-0.8671099695241199,0.0,0.0,5.928808108233976,0.42110866119449997,0.175,68.24744939600309,"{'advisory': 10, 'silent': 10}",nuscenes,20,9.498736000000001,25,day,clear,singapore-queenstown,0.4553778079978575,0.33898640459538437,0.11226153820736898,2.5604051309734115
scene-0916_b7ff9843f0bc4154a865230adb65a45d_clip000,0.0,0.0,0.0,0.0,0.0,0.0,"{'intervention': 1, 'advisory': 10, 'silent': 9}",0.9,0.5,0.0,0.0,0.0,0.0,-0.8671099695241199,0.0,0.0,5.928808108233976,0.42559222221702053,0.175,67.97909029134769,"{'advisory': 10, 'silent': 10}",nuscenes,20,9.398668,25,day,clear,singapore-queenstown,0.4553778079978576,0.3442826729834207,0.1159105733078462,2.4132483076961027
scene-0916_4b8ef2beabcf4121af0f287cd1a7fd55_clip000,0.0,0.0,0.0,0.0,0.0,0.0,"{'intervention': 1, 'advisory': 10, 'silent': 9}",0.9,0.5,0.0,0.0,0.0,0.0,-0.8671099695241199,0.0,0.0,5.928808108233976,0.42110866119449997,0.175,68.24744939600309,"{'advisory': 10, 'silent': 10}",nuscenes,20,9.498736000000001,25,day,clear,singapore-queenstown,0.4553778079978575,0.33898640459538437,0.11226153820736898,2.5604051309734115
scene-0916_89eaf741be444d7e8fcc4748482d338d_clip000,0.0,0.0,0.0,0.0,0.0,0.0,"{'intervention': 1, 'advisory': 9, 'silent': 10}",0.95,0.45,0.0,0.0,0.0,0.0,-0.8671099695241199,0.0,0.0,5.928808108233976,0.4255425987290745,0.175,67.88809808176617,"{'advisory': 10, 'silent': 10}",nuscenes,20,9.399764,25,day,clear,singapore-queenstown,0.4553778079978575,0.33753205017584365,0.1256942697681407,2.3135008132786616
scene-0916_e5a06b589b93428c867bd6a92ed6da93_clip000,0.0,0.0,0.0,0.0,0.0,0.0,"{'intervention': 1, 'advisory': 10, 'silent': 9}",0.9,0.5,0.0,0.0,0.0,0.0,-0.8671099695241199,0.0,0.0,5.928808108233976,0.42559222221702053,0.175,67.97909029134769,"{'advisory': 10, 'silent': 10}",nuscenes,20,9.398668,25,day,clear,singapore-queenstown,0.4553778079978575,0.3442826729834207,0.1159105733078462,2.4132483076961027
scene-0916_68d411d0e8664a09b4c59787793b0b87_clip000,0.0,0.0,0.0,0.0,0.0,0.0,"{'intervention': 1, 'advisory': 9, 'silent': 10}",0.95,0.45,0.0,0.0,0.0,0.0,-0.8671099695241199,0.0,0.0,5.928808108233976,0.4255425987290745,0.175,67.88809808176617,"{'advisory': 10, 'silent': 10}",nuscenes,20,9.399764,25,day,clear,singapore-queenstown,0.4553778079978576,0.33753205017584365,0.1256942697681407,2.3135008132786616
scene-0916_c6d85e602dd342d99758b41e64e86e12_clip000,0.0,0.0,0.0,0.0,0.0,0.0,"{'intervention': 1, 'advisory': 10, 'silent': 9}",0.9,0.5,0.0,0.0,0.0,0.0,-0.8671099695241199,0.0,0.0,5.928808108233976,0.42110866119449997,0.175,68.24744939600309,"{'advisory': 10, 'silent': 10}",nuscenes,20,9.498736000000001,25,day,clear,singapore-queenstown,0.4553778079978575,0.33898640459538437,0.11226153820736898,2.5604051309734115
scene-0916_c5a370e03491457485bfda760515e537_clip000,0.0,0.0,0.0,0.0,0.0,0.0,"{'intervention': 1, 'advisory': 10, 'silent': 9}",0.9,0.5,0.0,0.0,0.0,0.0,-0.8671099695241199,0.0,0.0,5.928808108233976,0.42110866119449997,0.175,68.24744939600309,"{'advisory': 10, 'silent': 10}",nuscenes,20,9.498736000000001,25,day,clear,singapore-queenstown,0.4553778079978575,0.33898640459538437,0.11226153820736898,2.5604051309734115
scene-1094_55f7fb5fa2854b0da825c2cd1c94b23b_clip000,0.0,0.0,0.0,0.0,1.0,0.0,"{'intervention': 1, 'advisory': 7, 'silent': 10}",0.5,0.3888888888888889,1.0,0.0,0.0,0.0,-0.5461186812727502,0.0,1.001964,3.706649448127391,0.3528457005751385,0.3472222222222221,58.2720524686074,"{'intervention': 1, 'advisory': 16, 'silent': 1}",nuscenes,18,8.5023,58,night,rain,singapore-hollandvillage,0.6663293487251398,0.30653363703923,0.19595881570700346,14.20138788460318
scene-1094_47304f98d3d3484d8af8d5e4c7428022_clip000,0.0,0.0,0.0,0.0,1.0,0.0,"{'intervention': 3, 'advisory': 11, 'silent': 6}",0.65,0.55,0.6666666666666666,0.0,0.0,0.0,-0.5202659817144719,0.0,4.003540000000001,3.706649448127391,0.42083397510514536,0.37999999999999995,54.61511882935245,"{'intervention': 2, 'advisory': 18}",nuscenes,20,9.504936,58,night,rain,singapore-hollandvillage,0.6663293487251398,0.4324739574656943,0.1919162832557047,2.224801668958667
scene-1094_3543efbc49b147c6a7151e945b999fe5_clip000,0.0,0.0,0.0,0.0,1.0,0.0,"{'intervention': 1, 'advisory': 8, 'silent': 10}",0.5263157894736842,0.42105263157894735,1.0,0.0,0.0,0.0,-0.5331139899831832,0.0,1.5018470000000006,3.706649448127391,0.3332525010877917,0.3473684210526315,58.288769530378744,"{'intervention': 1, 'advisory': 17, 'silent': 1}",nuscenes,19,9.002183,58,night,rain,singapore-hollandvillage,0.6663293487251398,0.3093379902424189,0.19259722711143631,13.540611909355386
scene-1094_d61323aefb8640da9d5258fae57c2d1c_clip000,0.0,0.0,0.0,0.0,1.0,0.0,"{'intervention': 1, 'advisory': 8, 'silent': 10}",0.5263157894736842,0.42105263157894735,1.0,0.0,0.0,0.0,-0.5331139899831832,0.0,1.5018470000000006,3.706649448127391,0.3332525010877917,0.3473684210526315,58.288769530378744,"{'intervention': 1, 'advisory': 17, 'silent': 1}",nuscenes,19,9.002183,58,night,rain,singapore-hollandvillage,0.6663293487251398,0.3093379902424189,0.19259722711143631,13.540611909355386
scene-1094_9777aa985269472595ff1ee88420008f_clip000,0.0,0.0,0.0,0.0,1.0,0.0,"{'intervention': 1, 'advisory': 7, 'silent': 10}",0.5,0.3888888888888889,1.0,0.0,0.0,0.0,-0.5461186812727502,0.0,1.001964,3.706649448127391,0.3528457005751385,0.3472222222222221,58.2720524686074,"{'intervention': 1, 'advisory': 16, 'silent': 1}",nuscenes,18,8.5023,58,night,rain,singapore-hollandvillage,0.6663293487251398,0.30653363703923,0.19595881570700346,14.20138788460318
scene-1094_e6505be7823b40858d669c34afba37c4_clip000,0.0,0.0,0.0,0.0,1.0,0.0,"{'intervention': 3, 'advisory': 13, 'silent': 4}",0.75,0.65,0.6666666666666666,0.0,0.0,0.0,-0.5202659817144719,0.0,4.998771,3.706649448127391,0.42105936852884385,0.3799999999999999,54.049609240438045,"{'intervention': 2, 'advisory': 18}",nuscenes,20,9.499848,58,night,rain,singapore-hollandvillage,0.6663293487251398,0.46070222310796316,0.18253833724391552,1.7977028241449755
scene-1094_9441225cd01f4730a02b5d8927063f53_clip000,0.0,0.0,0.0,0.0,1.0,0.0,"{'intervention': 5, 'advisory': 13, 'silent': 1, 'emergency': 1}",0.85,0.65,0.8,0.0,0.0,0.0,-0.7509392614826383,0.0,6.999445000000001,3.706649448127391,0.526292411010795,0.425,49.35753835726678,"{'intervention': 5, 'advisory': 15}",nuscenes,20,9.500422,58,night,rain,singapore-hollandvillage,0.6663293487251398,0.6109733018353498,0.18866962128890452,1.337204747861652
scene-1094_dc534f142fbf42afbdd38a1afae9df7f_clip000,0.0,0.0,0.0,0.0,0.0,0.0,"{'advisory': 5, 'silent': 10}",0.4,0.3333333333333333,0.0,0.0,0.0,0.0,-0.4330127018922193,0.0,0.0,3.706649448127391,0.1428588979807466,0.3266666666666666,61.214394656404316,"{'advisory': 14, 'silent': 1}",nuscenes,15,6.999914,58,night,rain,singapore-hollandvillage,0.6663293487251398,0.2217277247504426,0.18268665506922718,16.830514913740835
scene-1094_2c761ca3c6e745ab8b7553a3f3dc937e_clip000,0.0,0.0,0.0,0.0,1.0,0.0,"{'intervention': 2, 'advisory': 9, 'silent': 9}",0.55,0.45,1.0,0.0,0.0,0.0,-0.5202659817144719,0.0,2.4512740000000006,3.706649448127391,0.31740160655997174,0.37999999999999995,56.87234119584,"{'intervention': 2, 'advisory': 18}",nuscenes,20,9.451748,58,night,rain,singapore-hollandvillage,0.6663293487251398,0.3569579997462829,0.19219149542553088,8.941568966643663
scene-1094_155047a77309452a908e6c96ddd60b55_clip000,0.0,0.0,0.0,0.0,1.0,0.0,"{'intervention': 3, 'advisory': 12, 'silent': 5}",0.7,0.6,0.6666666666666666,0.0,0.0,0.0,-0.5202659817144719,0.0,4.498894000000001,3.706649448127391,0.4210586593660709,0.3799999999999999,54.35189235239933,"{'intervention': 2, 'advisory': 18}",nuscenes,20,9.499864,58,night,rain,singapore-hollandvillage,0.6663293487251398,0.4461260953390059,0.18703836128083035,1.9776713616623773
scene-1094_8e992e7479094a61a550b951c1451092_clip000,0.0,0.0,0.0,0.0,1.0,0.0,"{'intervention': 3, 'advisory': 13, 'silent': 4}",0.75,0.65,0.6666666666666666,0.0,0.0,0.0,-0.5202659817144719,0.0,4.998771,3.706649448127391,0.42105936852884385,0.3799999999999999,54.049609240438045,"{'intervention': 2, 'advisory': 18}",nuscenes,20,9.499848,58,night,rain,singapore-hollandvillage,0.6663293487251398,0.46070222310796316,0.18253833724391552,1.7977028241449755
scene-1094_c530e58bfaaf4ba38bf0f66c11381d7b_clip000,0.0,0.0,0.0,0.0,1.0,0.0,"{'intervention': 3, 'advisory': 13, 'silent': 4}",0.75,0.65,0.6666666666666666,0.0,0.0,0.0,-0.5202659817144719,0.0,4.998771,3.706649448127391,0.42105936852884385,0.3799999999999999,54.049609240438045,"{'intervention': 2, 'advisory': 18}",nuscenes,20,9.499848,58,night,rain,singapore-hollandvillage,0.6663293487251398,0.46070222310796316,0.18253833724391552,1.7977028241449755
scene-1094_029357560fcc41db9973bd656d63547d_clip000,0.0,0.0,0.0,0.0,1.0,0.0,"{'intervention': 5, 'advisory': 13, 'emergency': 2}",0.85,0.65,0.8,0.0,0.0,0.0,-0.7947194142390263,0.0,7.499250000000002,2.8688461782870722,0.5262940729182543,0.44000000000000006,47.845602325255626,"{'intervention': 6, 'advisory': 14}",nuscenes,20,9.500392000000002,58,night,rain,singapore-hollandvillage,0.6663293487251398,0.6472594484400758,0.20278134241788387,1.226802825195343
scene-1094_19f0484e0ec84c0eb64c92698fe5e7e3_clip000,0.0,0.0,0.0,0.0,1.0,0.0,"{'intervention': 9, 'advisory': 8, 'emergency': 3}",0.75,0.4,0.7777777777777778,0.0,0.0,0.0,-0.8671099695241199,1.0,8.548764999999998,2.8688461782870722,0.5264159747455096,0.5,45.27226634575763,"{'intervention': 10, 'advisory': 10}",nuscenes,20,9.498191999999998,58,night,rain,singapore-hollandvillage,0.6663293487251398,0.7704661939072073,0.16535246293401865,0.9957878045876203
scene-1094_98e2b15c113a477a9f291b25194cab62_clip000,0.0,0.0,0.0,0.0,1.0,0.0,"{'intervention': 8, 'advisory': 6, 'silent': 1, 'emergency': 3}",0.7222222222222222,0.3333333333333333,0.75,0.0,0.0,0.0,-0.8885233166386386,1.0,6.000133000000002,2.8688461782870722,0.5848798042758222,0.48055555555555557,44.872607272141714,"{'intervention': 9, 'advisory': 8, 'silent': 1}",nuscenes,18,8.548765000000001,58,night,rain,singapore-hollandvillage,0.6663293487251398,0.7914951016644928,0.1576455242972638,97.62448564912786
scene-1094_1ab7d92d3ed3455ea628c6962906d4e7_clip000,0.0,0.0,0.0,0.0,1.0,0.0,"{'intervention': 9, 'advisory': 7, 'silent': 1, 'emergency': 3}",0.75,0.35,0.7777777777777778,0.0,0.0,0.0,-0.8864052604279183,1.0,9.547959,2.8688461782870722,0.628406552646487,0.48250000000000004,45.34150925140157,"{'intervention': 10, 'advisory': 9, 'silent': 1}",nuscenes,20,9.547959,58,night,rain,singapore-hollandvillage,0.6663293487251398,0.7779015511915128,0.1556090087949153,87.96679605056232
scene-1100_0b2ba0a3a3874e4a9863541a7a65ec00_clip000,0.0,0.0,0.0,0.0,0.0,0.0,{'silent': 10},1.0,0.0,0.0,0.0,0.0,0.0,0.0,0.0,0.0,7.156893781968976,0.0,0.0,76.8569993878065,{'silent': 10},nuscenes,10,4.500052,11,night,clear,singapore-hollandvillage,0.45893387198786834,0.007344425929312862,0.1521770984933131,732.3794406602505
scene-1100_47b04d517ed64f92ad6af4c11233de34_clip000,0.0,0.0,0.0,0.0,0.0,0.0,{'silent': 20},1.0,0.0,0.0,0.0,0.0,0.0,0.0,0.0,0.0,8.255333802828359,0.0,0.0,77.96609939282345,{'silent': 20},nuscenes,20,9.550178,11,night,clear,singapore-hollandvillage,0.45893387198786834,0.0049856288977498855,0.11756589535764343,591.7459268856297
scene-1100_baa84e9048974b67a0c168a8bf946d3e_clip000,0.0,0.0,0.0,0.0,0.0,0.0,{'silent': 10},1.0,0.0,0.0,0.0,0.0,0.0,0.0,0.0,0.0,7.156893781968976,0.0,0.0,76.8569993878065,{'silent': 10},nuscenes,10,4.500052,11,night,clear,singapore-hollandvillage,0.4589338719878682,0.007344425929312862,0.1521770984933131,732.3794406602505
scene-1100_7a88efefda9f4fc3a30fa6a655978ada_clip000,0.0,0.0,0.0,0.0,0.0,0.0,{'silent': 20},1.0,0.0,0.0,0.0,0.0,0.0,0.0,0.0,0.0,8.395470031155442,0.0,0.0,78.1330102126415,{'silent': 20},nuscenes,20,9.4982,11,night,clear,singapore-hollandvillage,0.45893387198786834,0.0021141203738642284,0.11487370988759524,678.5144289464382
scene-1100_7c7ea45167174debb191420c7fb99649_clip000,0.0,0.0,0.0,0.0,0.0,0.0,{'silent': 20},1.0,0.0,0.0,0.0,0.0,0.0,0.0,0.0,0.0,8.214534625139017,0.0,0.0,77.83820051902367,{'silent': 20},nuscenes,20,9.550738,11,night,clear,singapore-hollandvillage,0.4589338719878682,0.0069894650535236675,0.11982535499519605,577.568072199833
scene-1100_7b644b3fb6634f13bf30402c70770e3b_clip000,0.0,0.0,0.0,0.0,0.0,0.0,{'silent': 20},1.0,0.0,0.0,0.0,0.0,0.0,0.0,0.0,0.0,7.156893781968976,0.0,0.0,77.1153260761881,{'silent': 20},nuscenes,20,9.500965,11,night,clear,singapore-hollandvillage,0.45893387198786834,0.011552272105657044,0.13935836270424887,627.854246052658
scene-1100_1c6ea643f2d04632ac5624e0072aa659_clip000,0.0,0.0,0.0,0.0,0.0,0.0,{'silent': 20},1.0,0.0,0.0,0.0,0.0,0.0,0.0,0.0,0.0,7.622279608464889,0.0,0.0,77.49653513912492,{'silent': 20},nuscenes,20,9.500399,11,night,clear,singapore-hollandvillage,0.45893387198786834,0.009943279356537523,0.12826038668880796,493.45470171411733
scene-1100_60e1ec6251134f9a8e2031b871a455d1_clip000,0.0,0.0,0.0,0.0,0.0,0.0,{'silent': 18},1.0,0.0,0.0,0.0,0.0,0.0,0.0,0.0,0.0,7.156893781968976,0.0,0.0,77.08405857216401,{'silent': 18},nuscenes,18,8.500684,11,night,clear,singapore-hollandvillage,0.4589338719878682,0.010824216413827352,0.14112866853021439,648.0781742794602
near_miss_0000,0.0,0.0,0.0,0.0,1.0,0.0,"{'intervention': 10, 'advisory': 20, 'emergency': 10}",0.75,0.5,0.6,0.0,0.4,0.0,-0.870203540714765,1.0,2.7,0.6153846153846168,1.0256410256410258,0.495,44.328039478751315,"{'intervention': 12, 'advisory': 24, 'emergency': 4}",prism_ar_synthetic,40,3.9,1,night,rain,synthetic,0.6930251611139581,0.7468818488539501,0.18481662036906193,1.006084194858838
near_miss_0001,0.0,0.0,0.0,0.0,1.0,0.0,"{'intervention': 10, 'advisory': 20, 'emergency': 10}",0.75,0.5,0.6,0.0,0.4,0.0,-0.870203540714765,1.0,2.7,0.6322434491419031,1.0256410256410258,0.495,44.32953842802357,"{'intervention': 12, 'advisory': 24, 'emergency': 4}",prism_ar_synthetic,40,3.9,1,night,rain,synthetic,0.6930251611139581,0.7512170556341815,0.18043144861308885,0.9974581706220669
near_miss_0002,0.0,0.0,0.0,0.0,1.0,0.0,"{'intervention': 8, 'advisory': 22, 'emergency': 10}",0.75,0.55,0.5,0.0,0.4,0.0,-0.8425709552497533,1.0,2.5999999999999996,0.6549155677158964,1.0256410256410258,0.4800000000000001,45.44633228454723,"{'intervention': 10, 'advisory': 26, 'emergency': 4}",prism_ar_synthetic,40,3.9,1,night,rain,synthetic,0.6930251611139581,0.7194864891298265,0.17493555323332186,1.076395035800035
near_miss_0003,0.0,0.0,0.0,0.0,1.0,0.0,"{'intervention': 10, 'advisory': 20, 'emergency': 10}",0.75,0.5,0.6,0.0,0.4,0.0,-0.870203540714765,1.0,2.7,0.6283376104558798,1.0256410256410258,0.495,44.416916903132034,"{'intervention': 12, 'advisory': 24, 'emergency': 4}",prism_ar_synthetic,40,3.9,1,night,rain,synthetic,0.6930251611139581,0.7473119877381194,0.1814239006722021,1.007023671012289
near_miss_0004,0.0,0.0,0.0,0.0,1.0,0.0,"{'intervention': 8, 'advisory': 22, 'emergency': 10}",0.8,0.55,0.75,0.0,0.4,0.0,-0.870203540714765,1.0,2.7,0.6447460000902581,1.0256410256410258,0.495,45.310810582428346,"{'intervention': 12, 'advisory': 24, 'emergency': 4}",prism_ar_synthetic,40,3.9,1,night,rain,synthetic,0.6930251611139581,0.7215933442562432,0.17734608817753444,1.072833738238899
near_miss_0005,0.0,0.0,0.0,0.0,1.0,0.0,"{'intervention': 10, 'advisory': 20, 'emergency': 10}",0.75,0.5,0.6,0.0,0.4,0.0,-0.870203540714765,1.0,2.7,0.6207687753082034,1.0256410256410258,0.495,44.689281002211416,"{'intervention': 12, 'advisory': 24, 'emergency': 4}",prism_ar_synthetic,40,3.9,1,night,rain,synthetic,0.6930251611139581,0.736269948500914,0.1833871366067615,1.0470366698069073
near_miss_0006,0.0,0.0,0.0,0.0,1.0,0.0,"{'intervention': 10, 'advisory': 20, 'emergency': 10}",0.75,0.5,0.6,0.0,0.4,0.0,-0.870203540714765,1.0,2.7,0.612748320081753,1.0256410256410258,0.495,44.43242863249403,"{'intervention': 12, 'advisory': 24, 'emergency': 4}",prism_ar_synthetic,40,3.9,1,night,rain,synthetic,0.6930251611139581,0.7426920784660418,0.1855267522988798,1.019054597988196
near_miss_0007,0.0,0.0,0.0,0.0,1.0,0.0,"{'intervention': 10, 'advisory': 20, 'emergency': 10}",0.75,0.5,0.6,0.0,0.4,0.0,-0.870203540714765,1.0,2.7,0.6215636311465289,1.0256410256410258,0.495,44.592783519195244,"{'intervention': 12, 'advisory': 24, 'emergency': 4}",prism_ar_synthetic,40,3.9,1,night,rain,synthetic,0.6930251611139581,0.7396952236802278,0.1831784441946532,1.0393700760896476
near_miss_0008,0.0,0.0,0.0,0.0,1.0,0.0,"{'intervention': 10, 'advisory': 20, 'emergency': 10}",0.75,0.5,0.6,0.0,0.4,0.0,-0.870203540714765,1.0,2.7,0.6180464635417096,1.0256410256410258,0.495,44.637137688772306,"{'intervention': 12, 'advisory': 24, 'emergency': 4}",prism_ar_synthetic,40,3.9,1,night,rain,synthetic,0.6930251611139581,0.7372887604797717,0.18410643507587426,1.027966805418111
near_miss_0009,0.0,0.0,0.0,0.0,1.0,0.0,"{'intervention': 10, 'advisory': 20, 'emergency': 10}",0.75,0.5,0.6,0.0,0.4,0.0,-0.870203540714765,1.0,2.7,0.6214200569995363,1.0256410256410258,0.495,44.264999507205594,"{'intervention': 12, 'advisory': 24, 'emergency': 4}",prism_ar_synthetic,40,3.9,1,night,rain,synthetic,0.6930251611139581,0.7505837056551619,0.18321609595270755,1.0007060793727949
near_miss_0010,0.0,0.0,0.0,0.0,1.0,0.0,"{'intervention': 10, 'advisory': 20, 'emergency': 10}",0.85,0.5,1.0,0.0,0.4,0.0,-0.9007039500489618,1.0,2.7,0.4753219694268166,1.0256410256410258,0.525,42.0482089478821,"{'intervention': 16, 'advisory': 20, 'emergency': 4}",prism_ar_synthetic,40,3.9,1,dusk,clear,synthetic,0.7248196506115889,0.7505454339266076,0.21475473366187053,1.0171084238969765
near_miss_0011,0.0,0.0,0.0,0.0,1.0,0.0,"{'intervention': 10, 'advisory': 20, 'emergency': 10}",0.85,0.5,1.0,0.0,0.4,0.0,-0.9007039500489618,1.0,2.7,0.48689661965263614,1.0256410256410258,0.525,41.9075740672145,"{'intervention': 16, 'advisory': 20, 'emergency': 4}",prism_ar_synthetic,40,3.9,1,dusk,clear,synthetic,0.7248196506115889,0.76084432789382,0.20914366905024515,0.9960788076149238
near_miss_0012,0.0,0.0,0.0,0.0,1.0,0.0,"{'intervention': 10, 'advisory': 20, 'emergency': 10}",0.85,0.5,1.0,0.0,0.4,0.0,-0.9007039500489618,1.0,2.7,0.5085929814571285,1.0256410256410258,0.525,42.47153158264341,"{'intervention': 16, 'advisory': 20, 'emergency': 4}",prism_ar_synthetic,40,3.9,1,dusk,clear,synthetic,0.7248196506115889,0.7517512408522403,0.1994381722441944,1.0140701660771112
near_miss_0013,0.0,0.0,0.0,0.0,1.0,0.0,"{'intervention': 10, 'advisory': 20, 'emergency': 10}",0.85,0.5,1.0,0.0,0.4,0.0,-0.9007039500489618,1.0,2.7,0.5220536586904969,1.0256410256410258,0.525,42.88472890906151,"{'intervention': 16, 'advisory': 20, 'emergency': 4}",prism_ar_synthetic,40,3.9,1,dusk,clear,synthetic,0.7248196506115889,0.7404948779888118,0.19692129089368643,1.0454108999998195
near_miss_0014,0.0,0.0,0.0,0.0,1.0,0.0,"{'intervention': 8, 'advisory': 22, 'emergency': 10}",0.85,0.55,1.0,0.0,0.4,0.0,-0.8893738895947856,0.0,2.5999999999999996,0.5203987644481068,1.0256410256410258,0.51,43.377258737788935,"{'intervention': 14, 'advisory': 22, 'emergency': 4}",prism_ar_synthetic,40,3.9,1,dusk,clear,synthetic,0.7248196506115889,0.7234396880089262,0.19755881991599072,1.0792876368788236
near_miss_0015,0.0,0.0,0.0,0.0,1.0,0.0,"{'intervention': 10, 'advisory': 20, 'emergency': 10}",0.85,0.5,1.0,0.0,0.4,0.0,-0.9007039500489618,1.0,2.7,0.5032804834278299,1.0256410256410258,0.525,42.44734262264217,"{'intervention': 16, 'advisory': 20, 'emergency': 4}",prism_ar_synthetic,40,3.9,1,dusk,clear,synthetic,0.7248196506115889,0.7502739691091564,0.2017217426539863,1.0175485757034926
near_miss_0016,0.0,0.0,0.0,0.0,1.0,0.0,"{'intervention': 9, 'advisory': 21, 'emergency': 10}",0.85,0.525,1.0,0.0,0.4,0.0,-0.8960005030179674,1.0,2.7,0.5149779999867422,1.0256410256410258,0.5175000000000001,43.10460499041821,"{'intervention': 15, 'advisory': 21, 'emergency': 4}",prism_ar_synthetic,40,3.9,1,dusk,clear,synthetic,0.7248196506115889,0.7333177581349203,0.1967692080356876,1.0605945277849138
near_miss_0017,0.0,0.0,0.0,0.0,1.0,0.0,"{'intervention': 10, 'advisory': 20, 'emergency': 10}",0.85,0.5,1.0,0.0,0.4,0.0,-0.9007039500489618,1.0,2.7,0.5064488163662564,1.0256410256410258,0.525,42.777218833252974,"{'intervention': 16, 'advisory': 20, 'emergency': 4}",prism_ar_synthetic,40,3.9,1,dusk,clear,synthetic,0.7248196506115889,0.7406469870557378,0.20035285102037775,1.0455448597877597
near_miss_0018,0.0,0.0,0.0,0.0,1.0,0.0,"{'intervention': 8, 'advisory': 22, 'emergency': 10}",0.85,0.55,1.0,0.0,0.4,0.0,-0.8893738895947856,0.0,2.5999999999999996,0.5049847119075801,1.0256410256410258,0.51,43.316558529542355,"{'intervention': 14, 'advisory': 22, 'emergency': 4}",prism_ar_synthetic,40,3.9,1,dusk,clear,synthetic,0.7248196506115889,0.7220390084432582,0.20098283975654474,1.08246397533692
near_miss_0019,0.0,0.0,0.0,0.0,1.0,0.0,"{'intervention': 9, 'advisory': 21, 'emergency': 10}",0.85,0.525,1.0,0.0,0.4,0.0,-0.8960005030179674,1.0,2.7,0.48725988985000535,1.0256410256410258,0.5175000000000001,42.893897858799434,"{'intervention': 15, 'advisory': 21, 'emergency': 4}",prism_ar_synthetic,40,3.9,1,dusk,clear,synthetic,0.7248196506115889,0.7281378938327884,0.2089726433917786,1.0722338421030997
near_miss_0020,0.0,0.0,0.0,0.0,1.0,0.0,"{'intervention': 10, 'advisory': 20, 'emergency': 10}",0.3,0.5,0.0,0.0,0.0,0.0,-0.8456461262797924,1.0,2.4,0.4615384615384599,1.0256410256410258,0.325,53.82750932166514,"{'intervention': 6, 'advisory': 26, 'silent': 8}",prism_ar_synthetic,40,3.9,1,day,clear,synthetic,0.43792338783161533,0.7413073159634259,0.21387785620558253,1.0535578945641828
near_miss_0021,0.0,0.0,0.0,0.0,1.0,0.0,"{'intervention': 10, 'advisory': 20, 'emergency': 10}",0.3,0.5,0.0,0.0,0.0,0.0,-0.8456461262797924,1.0,2.4,0.4586377808710296,1.0256410256410258,0.325,53.540408734110294,"{'intervention': 6, 'advisory': 26, 'silent': 8}",prism_ar_synthetic,40,3.9,1,day,clear,synthetic,0.43792338783161533,0.7494806966979009,0.21527449505626867,1.026524486969234
near_miss_0022,0.0,0.0,0.0,0.0,1.0,0.0,"{'intervention': 10, 'advisory': 20, 'emergency': 10}",0.3,0.5,0.0,0.0,0.0,0.0,-0.8456461262797924,1.0,2.4,0.4678226950678521,1.0256410256410258,0.325,53.4693821350226,"{'intervention': 6, 'advisory': 26, 'silent': 8}",prism_ar_synthetic,40,3.9,1,day,clear,synthetic,0.43792338783161533,0.7562074354272965,0.2109153096297968,1.0129729748656615
near_miss_0023,0.0,0.0,0.0,0.0,1.0,0.0,"{'intervention': 10, 'advisory': 20, 'emergency': 10}",0.275,0.5,0.0,0.0,0.0,0.0,-0.8615413635611239,1.0,2.4,0.48336656264299194,1.0256410256410258,0.31625000000000003,54.202087535233524,"{'intervention': 6, 'advisory': 25, 'silent': 9}",prism_ar_synthetic,40,3.9,1,day,clear,synthetic,0.43792338783161533,0.7387552693933674,0.20394396232336098,1.0578250399706424
near_miss_0024,0.0,0.0,0.0,0.0,1.0,0.0,"{'intervention': 10, 'advisory': 20, 'emergency': 10}",0.3,0.5,0.0,0.0,0.0,0.0,-0.8456461262797924,1.0,2.4,0.47792764372787033,1.0256410256410258,0.325,53.8502220296818,"{'intervention': 6, 'advisory': 26, 'silent': 8}",prism_ar_synthetic,40,3.9,1,day,clear,synthetic,0.43792338783161533,0.7481009340467812,0.20632714785500497,1.0274122809949708
near_miss_0025,0.0,0.0,0.0,0.0,1.0,0.0,"{'intervention': 9, 'advisory': 21, 'emergency': 10}",0.275,0.525,0.0,0.0,0.0,0.0,-0.8753269007054402,1.0,2.4,0.48664960834843995,1.0256410256410258,0.3075,54.59130597355047,"{'intervention': 6, 'advisory': 24, 'silent': 10}",prism_ar_synthetic,40,3.9,1,day,clear,synthetic,0.43792338783161533,0.7271915316370853,0.20253375213574532,1.0781352323278088
near_miss_0026,0.0,0.0,0.0,0.0,1.0,0.0,"{'intervention': 10, 'advisory': 20, 'emergency': 10}",0.3,0.5,0.0,0.0,0.0,0.0,-0.8456461262797924,1.0,2.4,0.47204565277503363,1.0256410256410258,0.325,53.644669369711934,"{'intervention': 6, 'advisory': 26, 'silent': 8}",prism_ar_synthetic,40,3.9,1,day,clear,synthetic,0.43792338783161533,0.752307829348242,0.20897200788587283,1.017243625278801
near_miss_0027,0.0,0.0,0.0,0.0,1.0,0.0,"{'intervention': 10, 'advisory': 20, 'emergency': 10}",0.3,0.5,0.0,0.0,0.0,0.0,-0.8456461262797924,1.0,2.4,0.4855897932825428,1.0256410256410258,0.325,53.922791229407,"{'intervention': 6, 'advisory': 26, 'silent': 8}",prism_ar_synthetic,40,3.9,1,day,clear,synthetic,0.4379233878316152,0.7490224211649327,0.20298668741268044,1.0248010961257366
near_miss_0028,0.0,0.0,0.0,0.0,1.0,0.0,"{'intervention': 10, 'advisory': 20, 'emergency': 10}",0.275,0.5,0.0,0.0,0.0,0.0,-0.8615413635611239,1.0,2.4,0.49555241466213573,1.0256410256410258,0.31625000000000003,54.280227018482854,"{'intervention': 6, 'advisory': 25, 'silent': 9}",prism_ar_synthetic,40,3.9,1,day,clear,synthetic,0.4379233878316152,0.7412807729556201,0.19881380931946435,1.0497256946013624
near_miss_0029,0.0,0.0,0.0,0.0,1.0,0.0,"{'intervention': 8, 'advisory': 22, 'emergency': 10}",0.3,0.55,0.0,0.0,0.0,0.0,-0.8753269007054402,1.0,2.4,0.49351647599847936,1.0256410256410258,0.3075,54.79533392199462,"{'intervention': 6, 'advisory': 24, 'silent': 10}",prism_ar_synthetic,40,3.9,1,day,clear,synthetic,0.43792338783161533,0.7232730472347554,0.19965130492327018,1.0845616978292025
near_miss_0030,0.0,0.0,0.0,0.0,1.0,0.0,"{'intervention': 9, 'advisory': 18, 'silent': 3, 'emergency': 10}",0.325,0.45,0.0,0.0,0.0,0.0,-0.91919791776857,1.0,1.6,0.24056210088273064,0.7692307692307693,0.32125000000000004,52.29827478589598,"{'intervention': 9, 'advisory': 20, 'silent': 11}",prism_ar_synthetic,40,3.9,1,day,clear,synthetic,0.4379233878316152,0.7171609438385174,0.2889987128561299,1.1844462188808778
near_miss_0031,0.0,0.0,0.0,0.0,1.0,0.0,"{'intervention': 9, 'advisory': 18, 'silent': 3, 'emergency': 10}",0.325,0.45,0.0,0.0,0.0,0.0,-0.91919791776857,1.0,1.6,0.2438149731800431,0.7692307692307693,0.32125000000000004,52.54402306357645,"{'intervention': 9, 'advisory': 20, 'silent': 11}",prism_ar_synthetic,40,3.9,1,day,clear,synthetic,0.43792338783161533,0.7135918511581087,0.28437619628052263,1.1958523664075291
near_miss_0032,0.0,0.0,0.0,0.0,1.0,0.0,"{'intervention': 9, 'advisory': 18, 'silent': 3, 'emergency': 10}",0.325,0.45,0.0,0.0,0.0,0.0,-0.9102589898327993,1.0,1.5,0.24509917876395143,0.7692307692307693,0.31375000000000003,52.5088997506863,"{'intervention': 8, 'advisory': 21, 'silent': 11}",prism_ar_synthetic,40,3.9,1,day,clear,synthetic,0.43792338783161533,0.7165448544000691,0.2825939701349006,1.187376178284071
near_miss_0033,0.0,0.0,0.0,0.0,1.0,0.0,"{'intervention': 9, 'advisory': 18, 'silent': 3, 'emergency': 10}",0.3,0.45,0.0,0.0,0.0,0.0,-0.917662935482247,1.0,1.5,0.24777354095977328,0.7692307692307693,0.30500000000000005,52.71576007826836,"{'intervention': 8, 'advisory': 20, 'silent': 12}",prism_ar_synthetic,40,3.9,1,day,clear,synthetic,0.43792338783161533,0.713285849136287,0.278957631145947,1.1957248379770689
near_miss_0034,0.0,0.0,0.0,0.0,1.0,0.0,"{'intervention': 9, 'advisory': 17, 'silent': 5, 'emergency': 9}",0.375,0.425,0.0,0.0,0.0,0.0,-0.917662935482247,1.0,1.5,0.24896688220056679,0.7692307692307693,0.30500000000000005,53.23860088757317,"{'intervention': 8, 'advisory': 20, 'silent': 12}",prism_ar_synthetic,40,3.9,1,day,clear,synthetic,0.43792338783161533,0.694471136478398,0.280344316827009,1.2617579354681183
near_miss_0035,0.0,0.0,0.0,0.0,1.0,0.0,"{'intervention': 10, 'advisory': 17, 'silent': 4, 'emergency': 9}",0.325,0.425,0.0,0.0,0.0,0.0,-0.9255155035807995,1.0,1.6,0.23949213899558155,0.7692307692307693,0.3125,52.696702186514656,"{'intervention': 9, 'advisory': 19, 'silent': 12}",prism_ar_synthetic,40,3.9,1,day,clear,synthetic,0.43792338783161544,0.7023247955356807,0.2905539478050099,1.2400369050741464
near_miss_0036,0.0,0.0,0.0,0.0,1.0,0.0,"{'intervention': 9, 'advisory': 18, 'silent': 3, 'emergency': 10}",0.325,0.45,0.0,0.0,0.0,0.0,-0.9198465345147653,1.0,1.6,0.2340407297019263,0.7692307692307693,0.32125000000000004,51.80257403269236,"{'intervention': 9, 'advisory': 20, 'silent': 11}",prism_ar_synthetic,40,3.9,1,day,clear,synthetic,0.43792338783161533,0.7237227490500272,0.29896026608474013,1.1648327430036398
near_miss_0037,0.0,0.0,0.0,0.0,1.0,0.0,"{'intervention': 9, 'advisory': 17, 'silent': 5, 'emergency': 9}",0.375,0.425,0.0,0.0,0.0,0.0,-0.9255155035807995,1.0,1.6,0.24060192645575726,0.7692307692307693,0.3125,52.98507503250222,"{'intervention': 9, 'advisory': 19, 'silent': 12}",prism_ar_synthetic,40,3.9,1,day,clear,synthetic,0.43792338783161533,0.6943251534994672,0.28894116164163836,1.260038933808053
near_miss_0038,0.0,0.0,0.0,0.0,1.0,0.0,"{'intervention': 10, 'advisory': 17, 'silent': 4, 'emergency': 9}",0.325,0.425,0.0,0.0,0.0,0.0,-0.9261685782265114,1.0,1.6,0.23212070925820888,0.7692307692307693,0.3125,52.29762498799721,"{'intervention': 9, 'advisory': 19, 'silent': 12}",prism_ar_synthetic,40,3.9,1,day,clear,synthetic,0.43792338783161533,0.70452377461936,0.3016575420052455,1.2319334443481567
near_miss_0039,0.0,0.0,0.0,0.0,1.0,0.0,"{'intervention': 10, 'advisory': 18, 'silent': 3, 'emergency': 9}",0.325,0.45,0.0,0.0,0.0,0.0,-0.9198465345147653,1.0,1.6,0.2283588075584428,0.7692307692307693,0.32125000000000004,51.916378587193115,"{'intervention': 9, 'advisory': 20, 'silent': 11}",prism_ar_synthetic,40,3.9,1,day,clear,synthetic,0.4379233878316152,0.7117758765196974,0.3071136534650451,1.200701816683079
near_miss_0040,0.0,0.0,0.0,0.0,1.0,0.0,"{'intervention': 10, 'advisory': 16, 'silent': 5, 'emergency': 9}",0.775,0.4,1.0,0.0,0.7777777777777778,0.0,-0.9208180506228911,0.0,2.0,0.17496594953789935,0.7692307692307693,0.5512499999999999,40.53638382264207,"{'intervention': 14, 'advisory': 19, 'emergency': 7}",prism_ar_synthetic,40,3.9,1,day,rain,synthetic,0.7266917768645268,0.692618025185362,0.32058014490719994,1.269782655599918
near_miss_0041,0.0,0.0,0.0,0.0,1.0,0.0,"{'intervention': 10, 'advisory': 16, 'silent': 5, 'emergency': 9}",0.775,0.4,1.0,0.0,0.7777777777777778,0.0,-0.9208180506228911,0.0,2.0,0.17719280277358834,0.7692307692307693,0.5512499999999999,40.524154218066414,"{'intervention': 14, 'advisory': 19, 'emergency': 7}",prism_ar_synthetic,40,3.9,1,day,rain,synthetic,0.7266917768645268,0.6977438183787151,0.3158620051997022,1.250698495021029
near_miss_0042,0.0,0.0,0.0,0.0,1.0,0.0,"{'intervention': 9, 'advisory': 15, 'silent': 7, 'emergency': 9}",0.75,0.375,1.0,0.0,0.7777777777777778,0.0,-0.9089360295875353,0.0,1.9,0.1815410156553083,1.0256410256410258,0.53625,41.489749409041636,"{'intervention': 12, 'advisory': 21, 'emergency': 7}",prism_ar_synthetic,40,3.9,1,day,rain,synthetic,0.7266917768645268,0.6712577667437548,0.31016155046882166,1.3533447391389106
near_miss_0043,0.0,0.0,0.0,0.0,1.0,0.0,"{'intervention': 10, 'advisory': 16, 'silent': 5, 'emergency': 9}",0.775,0.4,1.0,0.0,0.7777777777777778,0.0,-0.9208180506228911,0.0,2.0,0.1747377724598793,0.7692307692307693,0.5512499999999999,40.484198750542646,"{'intervention': 14, 'advisory': 19, 'emergency': 7}",prism_ar_synthetic,40,3.9,1,day,rain,synthetic,0.7266917768645268,0.6938650110535601,0.32107266144231594,1.26264191852207
near_miss_0044,0.0,0.0,0.0,0.0,1.0,0.0,"{'intervention': 10, 'advisory': 15, 'silent': 6, 'emergency': 9}",0.8,0.375,1.0,0.0,0.7777777777777778,0.0,-0.9089360295875353,0.0,1.9,0.17774698971901487,1.0256410256410258,0.53625,41.17302125918929,"{'intervention': 12, 'advisory': 21, 'emergency': 7}",prism_ar_synthetic,40,3.9,1,day,rain,synthetic,0.7266917768645268,0.6772646403955795,0.3147122818120752,1.335031838598993
near_miss_0045,0.0,0.0,0.0,0.0,1.0,0.0,"{'intervention': 9, 'advisory': 16, 'silent': 6, 'emergency': 9}",0.775,0.4,1.0,0.0,0.8888888888888888,0.0,-0.9192193233751339,0.0,2.0,0.17306754449154726,1.0256410256410258,0.55,40.88372000181833,"{'intervention': 12, 'advisory': 20, 'emergency': 8}",prism_ar_synthetic,40,3.9,1,day,rain,synthetic,0.7266917768645268,0.6758919096922165,0.3257283877611366,1.3377620473065703
near_miss_0046,0.0,0.0,0.0,0.0,1.0,0.0,"{'intervention': 10, 'advisory': 15, 'silent': 6, 'emergency': 9}",0.775,0.375,1.0,0.0,0.8888888888888888,0.0,-0.9249466019841723,0.0,2.0,0.16846445538499621,0.7692307692307693,0.5574999999999999,40.36884238610379,"{'intervention': 13, 'advisory': 19, 'emergency': 8}",prism_ar_synthetic,40,3.9,1,day,rain,synthetic,0.7266917768645268,0.6835659406512583,0.33521694399257945,1.2998290680207387
near_miss_0047,0.0,0.0,0.0,0.0,1.0,0.0,"{'intervention': 10, 'advisory': 15, 'silent': 6, 'emergency': 9}",0.8,0.375,1.0,0.0,0.8888888888888888,0.0,-0.9192193233751339,0.0,2.0,0.16777978787110476,1.0256410256410258,0.55,40.37205890079207,"{'intervention': 12, 'advisory': 20, 'emergency': 8}",prism_ar_synthetic,40,3.9,1,day,rain,synthetic,0.7266917768645268,0.6819863972335357,0.3366892702540262,1.3192668922271984
near_miss_0048,0.0,0.0,0.0,0.0,1.0,0.0,"{'intervention': 10, 'advisory': 15, 'silent': 6, 'emergency': 9}",0.775,0.375,1.0,0.0,0.8888888888888888,0.0,-0.9249466019841723,0.0,2.0,0.16527734307329323,0.7692307692307693,0.5574999999999999,40.159499322635796,"{'intervention': 13, 'advisory': 19, 'emergency': 8}",prism_ar_synthetic,40,3.9,1,day,rain,synthetic,0.7266917768645268,0.6835484587915298,0.34221252796790813,1.3121676827873592
near_miss_0049,0.0,0.0,0.0,0.0,1.0,0.0,"{'intervention': 9, 'advisory': 16, 'silent': 6, 'emergency': 9}",0.8,0.4,1.0,0.0,1.0,0.0,-0.9207569090441957,0.0,2.0,0.16357706241344905,1.0256410256410258,0.55625,40.33796819713071,"{'intervention': 11, 'advisory': 20, 'emergency': 9}",prism_ar_synthetic,40,3.9,1,day,rain,synthetic,0.7266917768645268,0.673714994682288,0.34609702959398625,1.3461411045541198
near_miss_0050,0.0,0.0,0.0,0.0,1.0,0.0,"{'intervention': 11, 'advisory': 19, 'emergency': 10}",0.625,0.475,0.18181818181818182,0.0,0.5,0.0,-0.8287593771796238,1.0,3.0,0.3076923076923066,1.5384615384615385,0.4625,47.652451576201756,"{'intervention': 7, 'advisory': 27, 'silent': 1, 'emergency': 5}",prism_ar_synthetic,40,3.9,1,night,clear,synthetic,0.5434552057942967,0.7592257030352424,0.26108563669897,1.0745204032609958
near_miss_0051,0.0,0.0,0.0,0.0,1.0,0.0,"{'intervention': 9, 'advisory': 21, 'emergency': 10}",0.625,0.525,0.1111111111111111,0.0,0.4,0.0,-0.8072441963174855,1.0,2.9,0.32026402125254094,1.5384615384615385,0.44875,48.616843544852884,"{'intervention': 7, 'advisory': 28, 'silent': 1, 'emergency': 4}",prism_ar_synthetic,40,3.9,1,night,clear,synthetic,0.5434552057942966,0.7381449199297163,0.2500200208494585,1.1427671590594692
near_miss_0052,0.0,0.0,0.0,0.0,1.0,0.0,"{'intervention': 11, 'advisory': 19, 'emergency': 10}",0.6,0.475,0.18181818181818182,0.0,0.4,0.0,-0.8273494075984591,1.0,3.0,0.3127656784886419,1.5384615384615385,0.45625,47.78449878750662,"{'intervention': 8, 'advisory': 27, 'silent': 1, 'emergency': 4}",prism_ar_synthetic,40,3.9,1,night,clear,synthetic,0.5434552057942967,0.7597587074842244,0.2561510585398257,1.0871124113842252
near_miss_0053,0.0,0.0,0.0,0.0,1.0,0.0,"{'intervention': 10, 'advisory': 20, 'emergency': 10}",0.6,0.5,0.1,0.0,0.4,0.0,-0.7845335924907735,1.0,2.9,0.3214840500494631,2.0512820512820515,0.44125000000000003,48.40147374557445,"{'intervention': 6, 'advisory': 29, 'silent': 1, 'emergency': 4}",prism_ar_synthetic,40,3.9,1,night,clear,synthetic,0.5434552057942966,0.7462966782254356,0.2490472558630208,1.1214710708602265
near_miss_0054,0.0,0.0,0.0,0.0,1.0,0.0,"{'intervention': 9, 'advisory': 21, 'emergency': 10}",0.625,0.525,0.1111111111111111,0.0,0.4,0.0,-0.8072441963174855,1.0,2.9,0.3198561031115368,1.5384615384615385,0.44875,48.701276701323664,"{'intervention': 7, 'advisory': 28, 'silent': 1, 'emergency': 4}",prism_ar_synthetic,40,3.9,1,night,clear,synthetic,0.5434552057942965,0.7350037107207322,0.25034679150941697,1.1630262551838801
near_miss_0055,0.0,0.0,0.0,0.0,1.0,0.0,"{'intervention': 10, 'advisory': 20, 'emergency': 10}",0.65,0.5,0.2,0.0,0.5,0.0,-0.8287593771796238,1.0,3.0,0.30694642170892195,1.5384615384615385,0.4625,47.95883161912793,"{'intervention': 7, 'advisory': 27, 'silent': 1, 'emergency': 5}",prism_ar_synthetic,40,3.9,1,night,clear,synthetic,0.5434552057942967,0.7484449517374192,0.2616537198992542,1.1235442032044005
near_miss_0056,0.0,0.0,0.0,0.0,1.0,0.0,"{'intervention': 10, 'advisory': 20, 'emergency': 10}",0.65,0.5,0.2,0.0,0.5,0.0,-0.808263245288446,1.0,3.0,0.30558899074989654,2.0512820512820515,0.45500000000000007,48.16453763755685,"{'intervention': 6, 'advisory': 28, 'silent': 1, 'emergency': 5}",prism_ar_synthetic,40,3.9,1,night,clear,synthetic,0.5434552057942966,0.7434801548412896,0.2597616495144199,1.140995596784761
near_miss_0057,0.0,0.0,0.0,0.0,1.0,0.0,"{'intervention': 10, 'advisory': 20, 'emergency': 10}",0.65,0.5,0.2,0.0,0.5,0.0,-0.808263245288446,1.0,3.0,0.2996592388111452,2.0512820512820515,0.45500000000000007,48.03038173159166,"{'intervention': 6, 'advisory': 28, 'silent': 1, 'emergency': 5}",prism_ar_synthetic,40,3.9,1,night,clear,synthetic,0.5434552057942968,0.7431714674046798,0.2645422004832025,1.157536373943528
near_miss_0058,0.0,0.0,0.0,0.0,1.0,0.0,"{'intervention': 11, 'advisory': 19, 'emergency': 10}",0.625,0.475,0.18181818181818182,0.0,0.5,0.0,-0.808263245288446,1.0,3.0,0.28997343662839725,2.0512820512820515,0.45500000000000007,47.075688739158274,"{'intervention': 6, 'advisory': 28, 'silent': 1, 'emergency': 5}",prism_ar_synthetic,40,3.9,1,night,clear,synthetic,0.5434552057942967,0.7667963318197227,0.27274043581593915,1.0940711890085038
near_miss_0059,0.0,0.0,0.0,0.0,1.0,0.0,"{'intervention': 10, 'advisory': 20, 'emergency': 10}",0.65,0.5,0.2,0.0,0.5,0.0,-0.808263245288446,1.0,3.0,0.29746981627858204,2.0512820512820515,0.45500000000000007,47.63258860333972,"{'intervention': 6, 'advisory': 28, 'silent': 1, 'emergency': 5}",prism_ar_synthetic,40,3.9,1,night,clear,synthetic,0.5434552057942966,0.7546210844172,0.26635235441241384,1.1282697009709004
